RESPOND_ID,EXAMIN_BEGIN_DE,SEXDSTN_FLAG_CD,AGRDE_FLAG_NM,ANSWRR_OC_AREA_NM,HSHLD_INCOME_DGREE_NM,LSR_TIME_USE_PURPS_RN1_VALUE,LSR_TIME_USE_PURPS_RN2_VALUE
2318,20251105,F,60대,경기도,300이상500만원 미만,자기만족-즐거움을 위해,마음의 안정-휴식을 위해
11076,20251105,F,50대,광주광역시,700만원 이상,마음의 안정-휴식을 위해,자기만족-즐거움을 위해
14073,20251105,M,40대,경상북도,무응답,마음의 안정-휴식을 위해,자기만족-즐거움을 위해
41927,20251105,F,30대,서울특별시,700만원 이상,스트레스 해소를 위해,남는 시간을 보내기 위해
118980,20251105,M,50대,강원도,무응답,자기만족-즐거움을 위해,건강 관리를 위해
152468,20251105,M,50대,강원도,500이상700만원 미만,마음의 안정-휴식을 위해,가족-지인 등과 시간을 보내기 위해
172556,20251105,F,30대,대구광역시,300이상500만원 미만,남는 시간을 보내기 위해,마음의 안정-휴식을 위해
189360,20251105,M,50대,강원도,700만원 이상,마음의 안정-휴식을 위해,자기만족-즐거움을 위해
223737,20251105,M,30대,경상북도,무응답,마음의 안정-휴식을 위해,가족-지인 등과 시간을 보내기 위해
227323,20251105,M,60대,경상북도,300이상500만원 미만,자기만족-즐거움을 위해,건강 관리를 위해
237204,20251105,M,40대,경상북도,무응답,마음의 안정-휴식을 위해,자기만족-즐거움을 위해
248240,20251105,M,20대,울산광역시,700만원 이상,자기만족-즐거움을 위해,마음의 안정-휴식을 위해
258537,20251105,M,40대,인천광역시,500이상700만원 미만,가족-지인 등과 시간을 보내기 위해,스트레스 해소를 위해
274909,20251105,F,30대,부산광역시,700만원 이상,가족-지인 등과 시간을 보내기 위해,자기만족-즐거움을 위해
298610,20251105,M,50대,대전광역시,무응답,대인 관계-교제를 위해,남는 시간을 보내기 위해
324906,20251105,F,30대,경상북도,300이상500만원 미만,남는 시간을 보내기 위해,마음의 안정-휴식을 위해
333166,20251105,M,30대,경기도,500이상700만원 미만,가족-지인 등과 시간을 보내기 위해,스트레스 해소를 위해
337087,20251105,F,60대,울산광역시,300만원 미만,마음의 안정-휴식을 위해,자기만족-즐거움을 위해
337148,20251105,F,30대,경기도,700만원 이상,가족-지인 등과 시간을 보내기 위해,마음의 안정-휴식을 위해
346836,20251105,F,50대,경상북도,700만원 이상,마음의 안정-휴식을 위해,가족-지인 등과 시간을 보내기 위해
347629,20251105,M,30대,경상북도,500이상700만원 미만,남는 시간을 보내기 위해,없음
348253,20251105,F,40대,대구광역시,300이상500만원 미만,건강 관리를 위해,스트레스 해소를 위해
348941,20251105,M,20대,서울특별시,무응답,스트레스 해소를 위해,자기만족-즐거움을 위해
350087,20251105,M,20대,경기도,300이상500만원 미만,자기만족-즐거움을 위해,스트레스 해소를 위해
351559,20251105,M,50대,강원도,무응답,자기만족-즐거움을 위해,건강 관리를 위해
359816,20251105,F,60대,광주광역시,무응답,자기만족-즐거움을 위해,마음의 안정-휴식을 위해
368644,20251105,F,50대,경상북도,700만원 이상,자기 계발을 위해,건강 관리를 위해
368826,20251105,F,50대,충청북도,700만원 이상,가족-지인 등과 시간을 보내기 위해,자기만족-즐거움을 위해
369543,20251105,M,20대,전라북도,무응답,남는 시간을 보내기 위해,자기만족-즐거움을 위해
370003,20251105,F,40대,대구광역시,300이상500만원 미만,자기만족-즐거움을 위해,마음의 안정-휴식을 위해
391206,20251105,M,30대,제주특별자치도,무응답,마음의 안정-휴식을 위해,자기만족-즐거움을 위해
392703,20251105,M,50대,서울특별시,무응답,자기만족-즐거움을 위해,마음의 안정-휴식을 위해
392883,20251105,F,30대,부산광역시,700만원 이상,마음의 안정-휴식을 위해,없음
394145,20251105,M,30대,서울특별시,무응답,건강 관리를 위해,대인 관계-교제를 위해
395147,20251105,F,40대,충청북도,700만원 이상,자기만족-즐거움을 위해,마음의 안정-휴식을 위해
402690,20251105,M,20대,경기도,무응답,대인 관계-교제를 위해,건강 관리를 위해
408109,20251105,M,50대,강원도,300이상500만원 미만,스트레스 해소를 위해,자기만족-즐거움을 위해
409638,20251105,F,30대,경상북도,500이상700만원 미만,마음의 안정-휴식을 위해,스트레스 해소를 위해
410389,20251105,F,50대,광주광역시,700만원 이상,자기만족-즐거움을 위해,가족-지인 등과 시간을 보내기 위해
410949,20251105,M,20대,제주특별자치도,700만원 이상,스트레스 해소를 위해,가족-지인 등과 시간을 보내기 위해
411171,20251105,F,40대,경상북도,무응답,자기만족-즐거움을 위해,마음의 안정-휴식을 위해
411274,20251105,F,60대,인천광역시,300이상500만원 미만,남는 시간을 보내기 위해,자기만족-즐거움을 위해
411849,20251105,M,20대,경기도,500이상700만원 미만,자기만족-즐거움을 위해,가족-지인 등과 시간을 보내기 위해
413783,20251105,M,50대,강원도,500이상700만원 미만,건강 관리를 위해,자기 계발을 위해
415495,20251105,F,50대,충청남도,700만원 이상,건강 관리를 위해,대인 관계-교제를 위해
420823,20251105,F,30대,경기도,무응답,스트레스 해소를 위해,대인 관계-교제를 위해
420941,20251105,M,30대,충청북도,무응답,마음의 안정-휴식을 위해,자기만족-즐거움을 위해
421398,20251105,F,30대,대구광역시,300만원 미만,마음의 안정-휴식을 위해,건강 관리를 위해
422878,20251105,F,20대,서울특별시,무응답,가족-지인 등과 시간을 보내기 위해,마음의 안정-휴식을 위해
424037,20251105,M,20대,부산광역시,500이상700만원 미만,가족-지인 등과 시간을 보내기 위해,없음
425383,20251105,M,20대,경상북도,500이상700만원 미만,건강 관리를 위해,자기만족-즐거움을 위해
425726,20251105,M,20대,경기도,무응답,스트레스 해소를 위해,남는 시간을 보내기 위해
426876,20251105,M,20대,서울특별시,무응답,가족-지인 등과 시간을 보내기 위해,건강 관리를 위해
429773,20251105,M,20대,광주광역시,무응답,마음의 안정-휴식을 위해,없음
432229,20251105,M,20대,부산광역시,무응답,스트레스 해소를 위해,마음의 안정-휴식을 위해
435661,20251105,F,20대,경기도,무응답,자기 계발을 위해,자기만족-즐거움을 위해
436681,20251105,M,20대,대구광역시,무응답,스트레스 해소를 위해,자기 계발을 위해
446070,20251105,M,20대,서울특별시,무응답,자기 계발을 위해,자기만족-즐거움을 위해
446599,20251105,M,20대,대구광역시,무응답,가족-지인 등과 시간을 보내기 위해,마음의 안정-휴식을 위해
447738,20251105,F,60대,충청남도,500이상700만원 미만,마음의 안정-휴식을 위해,건강 관리를 위해
449805,20251105,F,40대,대구광역시,500이상700만원 미만,마음의 안정-휴식을 위해,자기만족-즐거움을 위해
451829,20251105,M,20대,경기도,500이상700만원 미만,마음의 안정-휴식을 위해,가족-지인 등과 시간을 보내기 위해
452029,20251105,M,30대,광주광역시,무응답,대인 관계-교제를 위해,자기만족-즐거움을 위해
452292,20251105,M,50대,강원도,700만원 이상,가족-지인 등과 시간을 보내기 위해,대인 관계-교제를 위해
453959,20251105,M,30대,강원도,700만원 이상,남는 시간을 보내기 위해,가족-지인 등과 시간을 보내기 위해
456854,20251105,M,50대,강원도,700만원 이상,대인 관계-교제를 위해,스트레스 해소를 위해
456886,20251105,M,40대,경상북도,700만원 이상,스트레스 해소를 위해,대인 관계-교제를 위해
457087,20251105,M,20대,충청남도,무응답,남는 시간을 보내기 위해,자기만족-즐거움을 위해
457103,20251105,M,20대,전라남도,무응답,남는 시간을 보내기 위해,자기 계발을 위해
457196,20251105,M,20대,인천광역시,500이상700만원 미만,자기 계발을 위해,건강 관리를 위해
457769,20251105,F,20대,충청남도,300만원 미만,가족-지인 등과 시간을 보내기 위해,자기만족-즐거움을 위해
458377,20251105,M,20대,경기도,700만원 이상,건강 관리를 위해,가족-지인 등과 시간을 보내기 위해
458614,20251105,M,20대,서울특별시,300만원 미만,건강 관리를 위해,스트레스 해소를 위해
458670,20251105,M,20대,인천광역시,700만원 이상,자기 계발을 위해,건강 관리를 위해
459203,20251105,M,20대,서울특별시,700만원 이상,마음의 안정-휴식을 위해,건강 관리를 위해
459249,20251105,M,20대,인천광역시,무응답,대인 관계-교제를 위해,스트레스 해소를 위해
460896,20251105,M,20대,대구광역시,무응답,건강 관리를 위해,남는 시간을 보내기 위해
463788,20251105,M,20대,경상북도,무응답,대인 관계-교제를 위해,가족-지인 등과 시간을 보내기 위해
463998,20251105,M,20대,서울특별시,700만원 이상,가족-지인 등과 시간을 보내기 위해,스트레스 해소를 위해
466096,20251105,M,20대,울산광역시,300이상500만원 미만,건강 관리를 위해,마음의 안정-휴식을 위해
467107,20251105,M,30대,경상북도,무응답,스트레스 해소를 위해,자기만족-즐거움을 위해
467485,20251105,M,20대,경기도,500이상700만원 미만,스트레스 해소를 위해,마음의 안정-휴식을 위해
467823,20251105,M,50대,대전광역시,700만원 이상,마음의 안정-휴식을 위해,자기만족-즐거움을 위해
468741,20251105,M,20대,인천광역시,500이상700만원 미만,자기만족-즐거움을 위해,마음의 안정-휴식을 위해
470528,20251105,M,30대,경기도,500이상700만원 미만,가족-지인 등과 시간을 보내기 위해,마음의 안정-휴식을 위해
472355,20251105,M,30대,경기도,무응답,대인 관계-교제를 위해,스트레스 해소를 위해
475365,20251105,F,60대,전라남도,무응답,자기만족-즐거움을 위해,자기 계발을 위해
476622,20251105,M,30대,경상북도,무응답,스트레스 해소를 위해,마음의 안정-휴식을 위해
477378,20251105,M,20대,경상남도,500이상700만원 미만,마음의 안정-휴식을 위해,자기 계발을 위해
477875,20251105,M,20대,경상남도,500이상700만원 미만,자기만족-즐거움을 위해,가족-지인 등과 시간을 보내기 위해
478616,20251105,F,30대,부산광역시,무응답,가족-지인 등과 시간을 보내기 위해,남는 시간을 보내기 위해
478902,20251105,F,60대,경상남도,300만원 미만,마음의 안정-휴식을 위해,건강 관리를 위해
483598,20251105,F,30대,인천광역시,700만원 이상,마음의 안정-휴식을 위해,남는 시간을 보내기 위해
484367,20251105,M,40대,경상북도,500이상700만원 미만,남는 시간을 보내기 위해,자기만족-즐거움을 위해
484390,20251105,M,30대,제주특별자치도,300만원 미만,마음의 안정-휴식을 위해,스트레스 해소를 위해
485029,20251105,F,40대,전라북도,300만원 미만,스트레스 해소를 위해,마음의 안정-휴식을 위해
485046,20251105,F,20대,대전광역시,300만원 미만,스트레스 해소를 위해,가족-지인 등과 시간을 보내기 위해
485171,20251105,M,30대,서울특별시,무응답,스트레스 해소를 위해,건강 관리를 위해
2954660,20251105,M,20대,경기도,300만원 미만,자기만족-즐거움을 위해,마음의 안정-휴식을 위해
3008801,20251105,F,40대,경기도,무응답,스트레스 해소를 위해,자기만족-즐거움을 위해
3089615,20251105,M,20대,서울특별시,무응답,스트레스 해소를 위해,대인 관계-교제를 위해
3093858,20251105,M,20대,인천광역시,700만원 이상,건강 관리를 위해,가족-지인 등과 시간을 보내기 위해
3125898,20251105,M,20대,전라남도,무응답,자기만족-즐거움을 위해,남는 시간을 보내기 위해
3168909,20251105,F,40대,경기도,700만원 이상,자기만족-즐거움을 위해,가족-지인 등과 시간을 보내기 위해
3169931,20251105,M,30대,경기도,무응답,마음의 안정-휴식을 위해,자기 계발을 위해
3238644,20251105,M,20대,서울특별시,무응답,대인 관계-교제를 위해,자기만족-즐거움을 위해
3266222,20251105,M,40대,경기도,700만원 이상,건강 관리를 위해,대인 관계-교제를 위해
3295816,20251105,F,60대,경기도,700만원 이상,마음의 안정-휴식을 위해,자기만족-즐거움을 위해
3296172,20251105,F,20대,경상북도,300만원 미만,마음의 안정-휴식을 위해,자기만족-즐거움을 위해
53322266,20251105,F,30대,서울특별시,500이상700만원 미만,스트레스 해소를 위해,마음의 안정-휴식을 위해
53322288,20251105,F,40대,서울특별시,500이상700만원 미만,가족-지인 등과 시간을 보내기 위해,자기 계발을 위해
53322675,20251105,M,40대,서울특별시,700만원 이상,가족-지인 등과 시간을 보내기 위해,자기만족-즐거움을 위해
53322733,20251105,M,30대,서울특별시,무응답,스트레스 해소를 위해,마음의 안정-휴식을 위해
53322744,20251105,F,30대,서울특별시,무응답,스트레스 해소를 위해,마음의 안정-휴식을 위해
53322977,20251105,F,60대,서울특별시,500이상700만원 미만,건강 관리를 위해,기타
53323143,20251105,M,40대,서울특별시,700만원 이상,가족-지인 등과 시간을 보내기 위해,자기만족-즐거움을 위해
53323301,20251105,M,40대,서울특별시,700만원 이상,가족-지인 등과 시간을 보내기 위해,자기만족-즐거움을 위해
53323332,20251105,M,60대,서울특별시,300만원 미만,가족-지인 등과 시간을 보내기 위해,대인 관계-교제를 위해
53323361,20251105,F,60대,서울특별시,무응답,가족-지인 등과 시간을 보내기 위해,대인 관계-교제를 위해
53323371,20251105,M,50대,서울특별시,700만원 이상,자기만족-즐거움을 위해,마음의 안정-휴식을 위해
53323791,20251105,M,60대,서울특별시,무응답,스트레스 해소를 위해,건강 관리를 위해
53323939,20251105,F,60대,서울특별시,무응답,가족-지인 등과 시간을 보내기 위해,건강 관리를 위해
53324067,20251105,M,60대,서울특별시,700만원 이상,건강 관리를 위해,가족-지인 등과 시간을 보내기 위해
53324104,20251105,F,60대,서울특별시,300이상500만원 미만,자기만족-즐거움을 위해,마음의 안정-휴식을 위해
53324302,20251105,M,50대,서울특별시,700만원 이상,가족-지인 등과 시간을 보내기 위해,자기 계발을 위해
53324674,20251105,M,40대,서울특별시,무응답,자기만족-즐거움을 위해,가족-지인 등과 시간을 보내기 위해
53324783,20251105,F,60대,서울특별시,무응답,가족-지인 등과 시간을 보내기 위해,스트레스 해소를 위해
53324872,20251105,M,60대,서울특별시,무응답,가족-지인 등과 시간을 보내기 위해,대인 관계-교제를 위해
53324913,20251105,M,60대,서울특별시,500이상700만원 미만,가족-지인 등과 시간을 보내기 위해,마음의 안정-휴식을 위해
53324917,20251105,M,50대,서울특별시,무응답,마음의 안정-휴식을 위해,건강 관리를 위해
53325165,20251105,M,60대,서울특별시,500이상700만원 미만,건강 관리를 위해,자기만족-즐거움을 위해
53325170,20251105,M,60대,경기도,700만원 이상,가족-지인 등과 시간을 보내기 위해,마음의 안정-휴식을 위해
53325421,20251105,M,30대,제주특별자치도,무응답,마음의 안정-휴식을 위해,스트레스 해소를 위해
53325699,20251105,M,60대,경기도,500이상700만원 미만,자기 계발을 위해,건강 관리를 위해
53326053,20251105,M,50대,경기도,무응답,가족-지인 등과 시간을 보내기 위해,마음의 안정-휴식을 위해
53326092,20251105,F,60대,울산광역시,300만원 미만,대인 관계-교제를 위해,건강 관리를 위해
53326199,20251105,F,50대,경상남도,500이상700만원 미만,가족-지인 등과 시간을 보내기 위해,건강 관리를 위해
53326223,20251105,F,50대,서울특별시,무응답,마음의 안정-휴식을 위해,가족-지인 등과 시간을 보내기 위해
53326254,20251105,M,40대,광주광역시,무응답,남는 시간을 보내기 위해,가족-지인 등과 시간을 보내기 위해
53326317,20251105,M,40대,서울특별시,700만원 이상,스트레스 해소를 위해,남는 시간을 보내기 위해
53326456,20251105,M,30대,인천광역시,300이상500만원 미만,마음의 안정-휴식을 위해,가족-지인 등과 시간을 보내기 위해
53326494,20251105,F,40대,강원도,700만원 이상,건강 관리를 위해,스트레스 해소를 위해
53326745,20251105,M,40대,세종특별자치시,700만원 이상,가족-지인 등과 시간을 보내기 위해,대인 관계-교제를 위해
53326912,20251105,F,30대,경기도,무응답,마음의 안정-휴식을 위해,자기만족-즐거움을 위해
53327080,20251105,M,30대,경기도,무응답,마음의 안정-휴식을 위해,건강 관리를 위해
53327328,20251105,F,50대,인천광역시,700만원 이상,자기만족-즐거움을 위해,대인 관계-교제를 위해
53327331,20251105,F,40대,경기도,700만원 이상,가족-지인 등과 시간을 보내기 위해,대인 관계-교제를 위해
53327652,20251105,M,50대,경상남도,300만원 미만,가족-지인 등과 시간을 보내기 위해,자기 계발을 위해
53327719,20251105,M,40대,경기도,700만원 이상,마음의 안정-휴식을 위해,대인 관계-교제를 위해
53327955,20251105,M,40대,경기도,300이상500만원 미만,마음의 안정-휴식을 위해,가족-지인 등과 시간을 보내기 위해
53328221,20251105,M,30대,경상북도,300이상500만원 미만,자기만족-즐거움을 위해,마음의 안정-휴식을 위해
53328259,20251105,F,30대,경기도,300이상500만원 미만,자기 계발을 위해,자기만족-즐거움을 위해
53328760,20251105,F,30대,경상남도,무응답,스트레스 해소를 위해,가족-지인 등과 시간을 보내기 위해
53328847,20251105,F,30대,경기도,무응답,마음의 안정-휴식을 위해,스트레스 해소를 위해
53328925,20251105,M,60대,대전광역시,무응답,가족-지인 등과 시간을 보내기 위해,건강 관리를 위해
53328955,20251105,F,20대,서울특별시,무응답,자기만족-즐거움을 위해,스트레스 해소를 위해
53329012,20251105,M,30대,서울특별시,무응답,자기만족-즐거움을 위해,남는 시간을 보내기 위해
53329105,20251105,M,30대,경기도,무응답,스트레스 해소를 위해,마음의 안정-휴식을 위해
53329299,20251105,F,40대,울산광역시,무응답,가족-지인 등과 시간을 보내기 위해,자기만족-즐거움을 위해
53329514,20251105,F,40대,대전광역시,500이상700만원 미만,자기 계발을 위해,마음의 안정-휴식을 위해
53329710,20251105,F,50대,부산광역시,무응답,건강 관리를 위해,스트레스 해소를 위해
53329738,20251105,F,60대,경기도,700만원 이상,건강 관리를 위해,대인 관계-교제를 위해
53329779,20251105,F,30대,경기도,무응답,스트레스 해소를 위해,자기만족-즐거움을 위해
53329952,20251105,M,40대,울산광역시,무응답,마음의 안정-휴식을 위해,남는 시간을 보내기 위해
53330035,20251105,F,20대,경기도,500이상700만원 미만,마음의 안정-휴식을 위해,스트레스 해소를 위해
53330057,20251105,F,20대,대구광역시,무응답,자기만족-즐거움을 위해,스트레스 해소를 위해
53330176,20251105,F,40대,서울특별시,700만원 이상,스트레스 해소를 위해,마음의 안정-휴식을 위해
53330181,20251105,F,50대,경기도,700만원 이상,자기만족-즐거움을 위해,가족-지인 등과 시간을 보내기 위해
53330250,20251105,F,20대,경기도,무응답,가족-지인 등과 시간을 보내기 위해,자기만족-즐거움을 위해
53330373,20251105,M,30대,경기도,700만원 이상,가족-지인 등과 시간을 보내기 위해,자기만족-즐거움을 위해
53330381,20251105,F,40대,경기도,700만원 이상,가족-지인 등과 시간을 보내기 위해,자기만족-즐거움을 위해
53330453,20251105,F,40대,경기도,300이상500만원 미만,마음의 안정-휴식을 위해,남는 시간을 보내기 위해
53330559,20251105,M,50대,서울특별시,무응답,자기만족-즐거움을 위해,가족-지인 등과 시간을 보내기 위해
53330670,20251105,F,60대,경기도,300이상500만원 미만,자기만족-즐거움을 위해,자기 계발을 위해
53331144,20251105,M,60대,전라남도,300이상500만원 미만,마음의 안정-휴식을 위해,건강 관리를 위해
53331185,20251105,F,50대,경기도,500이상700만원 미만,가족-지인 등과 시간을 보내기 위해,자기만족-즐거움을 위해
53331343,20251105,F,30대,경기도,무응답,자기만족-즐거움을 위해,마음의 안정-휴식을 위해
53331370,20251105,F,30대,전라남도,700만원 이상,마음의 안정-휴식을 위해,자기만족-즐거움을 위해
53331560,20251105,F,50대,부산광역시,무응답,가족-지인 등과 시간을 보내기 위해,건강 관리를 위해
53331591,20251105,F,20대,서울특별시,무응답,가족-지인 등과 시간을 보내기 위해,자기만족-즐거움을 위해
53331633,20251105,M,30대,충청남도,무응답,스트레스 해소를 위해,가족-지인 등과 시간을 보내기 위해
53331752,20251105,M,30대,울산광역시,무응답,마음의 안정-휴식을 위해,가족-지인 등과 시간을 보내기 위해
53331779,20251105,M,40대,경기도,무응답,마음의 안정-휴식을 위해,스트레스 해소를 위해
53332058,20251105,M,30대,충청남도,무응답,남는 시간을 보내기 위해,마음의 안정-휴식을 위해
53332080,20251105,M,40대,경기도,500이상700만원 미만,건강 관리를 위해,마음의 안정-휴식을 위해
53332098,20251105,M,60대,경기도,300이상500만원 미만,자기만족-즐거움을 위해,가족-지인 등과 시간을 보내기 위해
53332231,20251105,M,60대,대전광역시,300이상500만원 미만,마음의 안정-휴식을 위해,가족-지인 등과 시간을 보내기 위해
53332238,20251105,M,40대,경기도,700만원 이상,자기만족-즐거움을 위해,마음의 안정-휴식을 위해
53332499,20251105,F,20대,경상북도,500이상700만원 미만,자기 계발을 위해,건강 관리를 위해
53332532,20251105,M,40대,경기도,무응답,자기만족-즐거움을 위해,스트레스 해소를 위해
53332537,20251105,F,50대,서울특별시,500이상700만원 미만,마음의 안정-휴식을 위해,가족-지인 등과 시간을 보내기 위해
53332543,20251105,F,60대,경기도,300이상500만원 미만,건강 관리를 위해,가족-지인 등과 시간을 보내기 위해
53332650,20251105,F,60대,전라남도,700만원 이상,자기 계발을 위해,건강 관리를 위해
53332749,20251105,M,60대,울산광역시,무응답,마음의 안정-휴식을 위해,건강 관리를 위해
53332779,20251105,M,40대,광주광역시,300만원 미만,자기 계발을 위해,마음의 안정-휴식을 위해
53332802,20251105,F,30대,경기도,300이상500만원 미만,건강 관리를 위해,마음의 안정-휴식을 위해
53333014,20251105,F,30대,부산광역시,700만원 이상,가족-지인 등과 시간을 보내기 위해,스트레스 해소를 위해
53333513,20251105,F,60대,경기도,무응답,가족-지인 등과 시간을 보내기 위해,대인 관계-교제를 위해
53333620,20251105,F,40대,부산광역시,300이상500만원 미만,가족-지인 등과 시간을 보내기 위해,마음의 안정-휴식을 위해
53333944,20251105,F,30대,인천광역시,700만원 이상,자기만족-즐거움을 위해,마음의 안정-휴식을 위해
53334607,20251105,F,20대,경상남도,무응답,자기만족-즐거움을 위해,스트레스 해소를 위해
53334849,20251105,M,30대,경상남도,500이상700만원 미만,자기만족-즐거움을 위해,스트레스 해소를 위해
53334863,20251105,M,30대,인천광역시,무응답,자기만족-즐거움을 위해,마음의 안정-휴식을 위해
53334946,20251105,F,50대,서울특별시,700만원 이상,자기만족-즐거움을 위해,남는 시간을 보내기 위해
53335378,20251105,F,60대,전라북도,300이상500만원 미만,자기만족-즐거움을 위해,마음의 안정-휴식을 위해
53335389,20251105,F,40대,경기도,700만원 이상,자기만족-즐거움을 위해,남는 시간을 보내기 위해
53335699,20251105,M,60대,경상북도,500이상700만원 미만,자기만족-즐거움을 위해,마음의 안정-휴식을 위해
53335873,20251105,F,50대,경상남도,300이상500만원 미만,건강 관리를 위해,자기만족-즐거움을 위해
53335878,20251105,F,60대,경기도,500이상700만원 미만,가족-지인 등과 시간을 보내기 위해,마음의 안정-휴식을 위해
53336044,20251105,M,30대,서울특별시,무응답,건강 관리를 위해,대인 관계-교제를 위해
53336199,20251105,F,60대,경상남도,500이상700만원 미만,건강 관리를 위해,자기 계발을 위해
53336209,20251105,F,60대,경기도,300이상500만원 미만,자기만족-즐거움을 위해,건강 관리를 위해
53336280,20251105,F,60대,경상북도,무응답,가족-지인 등과 시간을 보내기 위해,자기만족-즐거움을 위해
53336529,20251105,M,50대,서울특별시,700만원 이상,건강 관리를 위해,가족-지인 등과 시간을 보내기 위해
53336548,20251105,M,40대,서울특별시,무응답,가족-지인 등과 시간을 보내기 위해,마음의 안정-휴식을 위해
53336590,20251105,M,40대,경기도,300이상500만원 미만,자기만족-즐거움을 위해,마음의 안정-휴식을 위해
53336599,20251105,F,40대,전라북도,무응답,마음의 안정-휴식을 위해,없음
53336814,20251105,F,60대,경상남도,300이상500만원 미만,스트레스 해소를 위해,자기만족-즐거움을 위해
53336954,20251105,F,60대,전라남도,무응답,가족-지인 등과 시간을 보내기 위해,자기만족-즐거움을 위해
53337040,20251105,F,40대,서울특별시,700만원 이상,마음의 안정-휴식을 위해,가족-지인 등과 시간을 보내기 위해
53337041,20251105,M,60대,경상남도,무응답,가족-지인 등과 시간을 보내기 위해,건강 관리를 위해
53337117,20251105,M,60대,경상북도,무응답,자기만족-즐거움을 위해,가족-지인 등과 시간을 보내기 위해
53337364,20251105,M,50대,경기도,500이상700만원 미만,마음의 안정-휴식을 위해,스트레스 해소를 위해
53337471,20251105,F,30대,경기도,무응답,자기만족-즐거움을 위해,마음의 안정-휴식을 위해
53337521,20251105,M,60대,인천광역시,700만원 이상,자기 계발을 위해,가족-지인 등과 시간을 보내기 위해
53337555,20251105,F,50대,충청북도,무응답,건강 관리를 위해,자기 계발을 위해
53337871,20251105,M,60대,서울특별시,무응답,건강 관리를 위해,마음의 안정-휴식을 위해
53337887,20251105,F,40대,부산광역시,300만원 미만,마음의 안정-휴식을 위해,남는 시간을 보내기 위해
53338037,20251105,M,40대,경기도,무응답,가족-지인 등과 시간을 보내기 위해,자기만족-즐거움을 위해
53338077,20251105,F,60대,경기도,500이상700만원 미만,가족-지인 등과 시간을 보내기 위해,대인 관계-교제를 위해
53338080,20251105,F,20대,서울특별시,500이상700만원 미만,남는 시간을 보내기 위해,마음의 안정-휴식을 위해
53338236,20251105,M,30대,서울특별시,무응답,마음의 안정-휴식을 위해,가족-지인 등과 시간을 보내기 위해
53338292,20251105,M,20대,서울특별시,무응답,마음의 안정-휴식을 위해,스트레스 해소를 위해
53338529,20251105,M,60대,전라남도,300만원 미만,건강 관리를 위해,남는 시간을 보내기 위해
53338636,20251105,F,50대,대전광역시,700만원 이상,건강 관리를 위해,스트레스 해소를 위해
53338733,20251105,F,50대,부산광역시,무응답,건강 관리를 위해,마음의 안정-휴식을 위해
53338881,20251105,M,50대,경상남도,500이상700만원 미만,마음의 안정-휴식을 위해,자기만족-즐거움을 위해
53338926,20251105,F,50대,경기도,무응답,자기만족-즐거움을 위해,가족-지인 등과 시간을 보내기 위해
53339123,20251105,M,30대,광주광역시,500이상700만원 미만,가족-지인 등과 시간을 보내기 위해,건강 관리를 위해
53339135,20251105,M,40대,경기도,700만원 이상,가족-지인 등과 시간을 보내기 위해,스트레스 해소를 위해
53339293,20251105,M,40대,인천광역시,무응답,가족-지인 등과 시간을 보내기 위해,마음의 안정-휴식을 위해
53339464,20251105,M,50대,서울특별시,700만원 이상,가족-지인 등과 시간을 보내기 위해,자기만족-즐거움을 위해
53339500,20251105,F,30대,경기도,500이상700만원 미만,마음의 안정-휴식을 위해,가족-지인 등과 시간을 보내기 위해
53339550,20251105,F,50대,서울특별시,700만원 이상,가족-지인 등과 시간을 보내기 위해,스트레스 해소를 위해
53339551,20251105,F,60대,경기도,500이상700만원 미만,대인 관계-교제를 위해,마음의 안정-휴식을 위해
53339632,20251105,M,30대,충청남도,무응답,스트레스 해소를 위해,자기만족-즐거움을 위해
53339647,20251105,M,40대,충청북도,무응답,건강 관리를 위해,자기 계발을 위해
53339704,20251105,F,30대,서울특별시,500이상700만원 미만,자기만족-즐거움을 위해,스트레스 해소를 위해
53339721,20251105,F,60대,대구광역시,300이상500만원 미만,건강 관리를 위해,자기 계발을 위해
53339780,20251105,F,50대,전라남도,300이상500만원 미만,대인 관계-교제를 위해,건강 관리를 위해
53339929,20251105,F,40대,경기도,700만원 이상,가족-지인 등과 시간을 보내기 위해,스트레스 해소를 위해
53339943,20251105,M,60대,부산광역시,무응답,마음의 안정-휴식을 위해,자기만족-즐거움을 위해
53339950,20251105,M,40대,경상남도,300이상500만원 미만,가족-지인 등과 시간을 보내기 위해,마음의 안정-휴식을 위해
53339987,20251105,F,60대,서울특별시,무응답,자기만족-즐거움을 위해,대인 관계-교제를 위해
53339998,20251105,M,50대,서울특별시,500이상700만원 미만,마음의 안정-휴식을 위해,가족-지인 등과 시간을 보내기 위해
53340016,20251105,M,40대,경기도,300이상500만원 미만,건강 관리를 위해,자기만족-즐거움을 위해
53340034,20251105,F,30대,인천광역시,무응답,마음의 안정-휴식을 위해,자기 계발을 위해
53340349,20251105,F,60대,인천광역시,700만원 이상,자기만족-즐거움을 위해,건강 관리를 위해
53340599,20251105,M,50대,부산광역시,무응답,마음의 안정-휴식을 위해,대인 관계-교제를 위해
53340823,20251105,M,60대,경기도,700만원 이상,마음의 안정-휴식을 위해,자기만족-즐거움을 위해
53340895,20251105,F,60대,전라북도,무응답,건강 관리를 위해,자기만족-즐거움을 위해
53340959,20251105,M,50대,부산광역시,700만원 이상,가족-지인 등과 시간을 보내기 위해,마음의 안정-휴식을 위해
53341107,20251105,F,40대,부산광역시,무응답,가족-지인 등과 시간을 보내기 위해,자기만족-즐거움을 위해
53341111,20251105,F,40대,인천광역시,700만원 이상,자기만족-즐거움을 위해,마음의 안정-휴식을 위해
53341132,20251105,M,60대,서울특별시,무응답,가족-지인 등과 시간을 보내기 위해,대인 관계-교제를 위해
53341152,20251105,M,50대,대전광역시,300만원 미만,자기만족-즐거움을 위해,마음의 안정-휴식을 위해
53341244,20251105,M,60대,경기도,700만원 이상,자기 계발을 위해,마음의 안정-휴식을 위해
53341278,20251105,M,50대,서울특별시,700만원 이상,스트레스 해소를 위해,건강 관리를 위해
53341521,20251105,M,50대,서울특별시,700만원 이상,가족-지인 등과 시간을 보내기 위해,자기만족-즐거움을 위해
53341792,20251105,M,30대,경기도,무응답,마음의 안정-휴식을 위해,남는 시간을 보내기 위해
53341890,20251105,M,40대,부산광역시,무응답,마음의 안정-휴식을 위해,건강 관리를 위해
53341928,20251105,F,60대,경기도,500이상700만원 미만,대인 관계-교제를 위해,없음
53342244,20251105,F,50대,경기도,300이상500만원 미만,가족-지인 등과 시간을 보내기 위해,자기만족-즐거움을 위해
53342341,20251105,F,50대,대전광역시,무응답,건강 관리를 위해,자기 계발을 위해
53342593,20251105,F,60대,경상남도,무응답,건강 관리를 위해,가족-지인 등과 시간을 보내기 위해
53342643,20251105,F,30대,대구광역시,700만원 이상,자기만족-즐거움을 위해,가족-지인 등과 시간을 보내기 위해
53342949,20251105,M,60대,경기도,700만원 이상,자기만족-즐거움을 위해,가족-지인 등과 시간을 보내기 위해
53343042,20251105,F,60대,경기도,무응답,마음의 안정-휴식을 위해,자기만족-즐거움을 위해
53343089,20251105,M,50대,전라남도,500이상700만원 미만,가족-지인 등과 시간을 보내기 위해,마음의 안정-휴식을 위해
53343226,20251105,F,20대,인천광역시,무응답,자기만족-즐거움을 위해,남는 시간을 보내기 위해
53343280,20251105,F,50대,충청북도,500이상700만원 미만,건강 관리를 위해,자기만족-즐거움을 위해
53343368,20251105,F,40대,서울특별시,무응답,마음의 안정-휴식을 위해,없음
53343436,20251105,F,40대,경기도,300이상500만원 미만,마음의 안정-휴식을 위해,없음
53343519,20251105,F,20대,충청남도,무응답,마음의 안정-휴식을 위해,자기만족-즐거움을 위해
53343526,20251105,F,40대,서울특별시,700만원 이상,스트레스 해소를 위해,남는 시간을 보내기 위해
53343756,20251105,F,40대,충청남도,무응답,마음의 안정-휴식을 위해,스트레스 해소를 위해
53343765,20251105,F,40대,대전광역시,무응답,스트레스 해소를 위해,남는 시간을 보내기 위해
53343807,20251105,M,40대,울산광역시,300이상500만원 미만,자기 계발을 위해,가족-지인 등과 시간을 보내기 위해
53343879,20251105,F,40대,충청북도,무응답,자기만족-즐거움을 위해,건강 관리를 위해
53344120,20251105,M,40대,경기도,700만원 이상,스트레스 해소를 위해,자기만족-즐거움을 위해
53344313,20251105,F,50대,경상남도,500이상700만원 미만,마음의 안정-휴식을 위해,스트레스 해소를 위해
53344415,20251105,M,60대,경기도,300만원 미만,건강 관리를 위해,대인 관계-교제를 위해
53344449,20251105,M,30대,경기도,무응답,마음의 안정-휴식을 위해,가족-지인 등과 시간을 보내기 위해
53344575,20251105,M,60대,충청남도,무응답,마음의 안정-휴식을 위해,건강 관리를 위해
53344871,20251105,F,20대,충청남도,무응답,마음의 안정-휴식을 위해,남는 시간을 보내기 위해
53344993,20251105,F,50대,전라남도,500이상700만원 미만,자기만족-즐거움을 위해,마음의 안정-휴식을 위해
53345284,20251105,F,30대,경기도,500이상700만원 미만,스트레스 해소를 위해,마음의 안정-휴식을 위해
53345285,20251105,M,60대,전라북도,700만원 이상,마음의 안정-휴식을 위해,건강 관리를 위해
53345338,20251105,F,40대,경기도,무응답,자기만족-즐거움을 위해,마음의 안정-휴식을 위해
53345371,20251105,F,50대,충청북도,무응답,가족-지인 등과 시간을 보내기 위해,자기만족-즐거움을 위해
53345503,20251105,F,20대,서울특별시,무응답,마음의 안정-휴식을 위해,스트레스 해소를 위해
53345552,20251105,F,50대,세종특별자치시,300만원 미만,자기만족-즐거움을 위해,스트레스 해소를 위해
53345619,20251105,M,50대,경기도,700만원 이상,자기만족-즐거움을 위해,가족-지인 등과 시간을 보내기 위해
53345858,20251105,F,20대,경기도,무응답,자기만족-즐거움을 위해,스트레스 해소를 위해
53346052,20251105,F,60대,대전광역시,500이상700만원 미만,자기만족-즐거움을 위해,건강 관리를 위해
53346278,20251105,M,40대,부산광역시,무응답,마음의 안정-휴식을 위해,자기 계발을 위해
53346620,20251105,M,50대,충청북도,무응답,가족-지인 등과 시간을 보내기 위해,건강 관리를 위해
53346700,20251105,M,60대,인천광역시,500이상700만원 미만,마음의 안정-휴식을 위해,자기만족-즐거움을 위해
53346839,20251105,M,30대,경상북도,무응답,스트레스 해소를 위해,자기 계발을 위해
53347006,20251105,M,50대,충청남도,무응답,가족-지인 등과 시간을 보내기 위해,마음의 안정-휴식을 위해
53347122,20251105,F,30대,경기도,700만원 이상,스트레스 해소를 위해,남는 시간을 보내기 위해
53347125,20251105,M,50대,광주광역시,500이상700만원 미만,가족-지인 등과 시간을 보내기 위해,건강 관리를 위해
53347540,20251105,F,30대,충청남도,무응답,자기만족-즐거움을 위해,가족-지인 등과 시간을 보내기 위해
53347677,20251105,F,40대,인천광역시,300만원 미만,마음의 안정-휴식을 위해,자기만족-즐거움을 위해
53347709,20251105,M,60대,대전광역시,무응답,대인 관계-교제를 위해,가족-지인 등과 시간을 보내기 위해
53347770,20251105,F,50대,경기도,300이상500만원 미만,마음의 안정-휴식을 위해,가족-지인 등과 시간을 보내기 위해
53347848,20251105,M,50대,전라남도,무응답,스트레스 해소를 위해,마음의 안정-휴식을 위해
53347868,20251105,F,50대,경상남도,무응답,자기 계발을 위해,건강 관리를 위해
53347884,20251105,F,60대,서울특별시,500이상700만원 미만,자기만족-즐거움을 위해,건강 관리를 위해
53347943,20251105,M,20대,대구광역시,무응답,마음의 안정-휴식을 위해,건강 관리를 위해
53348016,20251105,F,50대,서울특별시,700만원 이상,남는 시간을 보내기 위해,자기만족-즐거움을 위해
53348237,20251105,M,30대,전라북도,500이상700만원 미만,마음의 안정-휴식을 위해,자기만족-즐거움을 위해
53348358,20251105,F,20대,부산광역시,무응답,자기만족-즐거움을 위해,스트레스 해소를 위해
53348564,20251105,F,40대,인천광역시,무응답,마음의 안정-휴식을 위해,가족-지인 등과 시간을 보내기 위해
53348729,20251105,F,60대,대구광역시,300이상500만원 미만,자기만족-즐거움을 위해,가족-지인 등과 시간을 보내기 위해
53348822,20251105,M,50대,서울특별시,300이상500만원 미만,마음의 안정-휴식을 위해,없음
53348828,20251105,F,20대,충청남도,무응답,남는 시간을 보내기 위해,자기만족-즐거움을 위해
53348978,20251105,M,50대,인천광역시,700만원 이상,마음의 안정-휴식을 위해,스트레스 해소를 위해
53349099,20251105,F,20대,강원도,무응답,자기만족-즐거움을 위해,스트레스 해소를 위해
53349294,20251105,M,50대,서울특별시,무응답,건강 관리를 위해,대인 관계-교제를 위해
53349525,20251105,M,40대,경기도,무응답,가족-지인 등과 시간을 보내기 위해,스트레스 해소를 위해
53349534,20251105,M,40대,전라북도,700만원 이상,가족-지인 등과 시간을 보내기 위해,건강 관리를 위해
53349841,20251105,M,40대,세종특별자치시,500이상700만원 미만,마음의 안정-휴식을 위해,남는 시간을 보내기 위해
53350352,20251105,M,30대,전라북도,500이상700만원 미만,가족-지인 등과 시간을 보내기 위해,건강 관리를 위해
53350434,20251105,F,60대,대구광역시,300이상500만원 미만,가족-지인 등과 시간을 보내기 위해,대인 관계-교제를 위해
53350788,20251105,F,60대,경상남도,700만원 이상,자기만족-즐거움을 위해,건강 관리를 위해
53350820,20251105,F,40대,서울특별시,무응답,스트레스 해소를 위해,마음의 안정-휴식을 위해
53350904,20251105,M,50대,경상북도,무응답,자기만족-즐거움을 위해,스트레스 해소를 위해
53350936,20251105,M,50대,경기도,500이상700만원 미만,자기만족-즐거움을 위해,없음
53351117,20251105,M,20대,광주광역시,무응답,자기만족-즐거움을 위해,스트레스 해소를 위해
53351140,20251105,F,40대,경기도,500이상700만원 미만,마음의 안정-휴식을 위해,스트레스 해소를 위해
53351337,20251105,M,60대,경상북도,무응답,자기 계발을 위해,마음의 안정-휴식을 위해
53351508,20251105,F,50대,전라남도,300이상500만원 미만,건강 관리를 위해,마음의 안정-휴식을 위해
53351663,20251105,M,60대,인천광역시,300만원 미만,가족-지인 등과 시간을 보내기 위해,자기만족-즐거움을 위해
53351939,20251105,M,40대,서울특별시,500이상700만원 미만,자기만족-즐거움을 위해,스트레스 해소를 위해
53351995,20251105,F,60대,경기도,500이상700만원 미만,마음의 안정-휴식을 위해,자기만족-즐거움을 위해
53352079,20251105,F,40대,경기도,300이상500만원 미만,마음의 안정-휴식을 위해,스트레스 해소를 위해
53352133,20251105,F,50대,대구광역시,500이상700만원 미만,마음의 안정-휴식을 위해,가족-지인 등과 시간을 보내기 위해
53352152,20251105,F,60대,경기도,500이상700만원 미만,자기만족-즐거움을 위해,건강 관리를 위해
53352278,20251105,M,60대,경기도,300이상500만원 미만,건강 관리를 위해,가족-지인 등과 시간을 보내기 위해
53352343,20251105,M,40대,인천광역시,무응답,가족-지인 등과 시간을 보내기 위해,마음의 안정-휴식을 위해
53352513,20251105,M,40대,서울특별시,500이상700만원 미만,가족-지인 등과 시간을 보내기 위해,마음의 안정-휴식을 위해
53352536,20251105,M,30대,경기도,무응답,스트레스 해소를 위해,건강 관리를 위해
53352755,20251105,F,40대,경기도,무응답,가족-지인 등과 시간을 보내기 위해,마음의 안정-휴식을 위해
53352946,20251105,M,60대,경상남도,무응답,마음의 안정-휴식을 위해,건강 관리를 위해
53352950,20251105,F,40대,부산광역시,300이상500만원 미만,가족-지인 등과 시간을 보내기 위해,마음의 안정-휴식을 위해
53353115,20251105,M,40대,인천광역시,무응답,건강 관리를 위해,스트레스 해소를 위해
53353123,20251105,F,60대,광주광역시,300이상500만원 미만,자기 계발을 위해,자기만족-즐거움을 위해
53353185,20251105,F,50대,경상북도,700만원 이상,자기 계발을 위해,가족-지인 등과 시간을 보내기 위해
53353316,20251105,F,30대,대구광역시,300이상500만원 미만,대인 관계-교제를 위해,건강 관리를 위해
53353352,20251105,F,60대,전라남도,300이상500만원 미만,자기만족-즐거움을 위해,건강 관리를 위해
53353417,20251105,M,40대,세종특별자치시,500이상700만원 미만,스트레스 해소를 위해,자기만족-즐거움을 위해
53353425,20251105,F,30대,경기도,500이상700만원 미만,자기만족-즐거움을 위해,가족-지인 등과 시간을 보내기 위해
53353548,20251105,F,60대,경기도,300이상500만원 미만,스트레스 해소를 위해,가족-지인 등과 시간을 보내기 위해
53353858,20251105,F,30대,서울특별시,무응답,스트레스 해소를 위해,마음의 안정-휴식을 위해
53354104,20251105,F,30대,경상남도,500이상700만원 미만,마음의 안정-휴식을 위해,자기만족-즐거움을 위해
53354127,20251105,M,60대,경상남도,300만원 미만,마음의 안정-휴식을 위해,자기만족-즐거움을 위해
53354389,20251105,M,40대,인천광역시,700만원 이상,가족-지인 등과 시간을 보내기 위해,건강 관리를 위해
53354453,20251105,F,40대,경기도,500이상700만원 미만,자기만족-즐거움을 위해,가족-지인 등과 시간을 보내기 위해
53354499,20251105,F,40대,경기도,300이상500만원 미만,대인 관계-교제를 위해,마음의 안정-휴식을 위해
53354546,20251105,M,50대,경기도,500이상700만원 미만,마음의 안정-휴식을 위해,스트레스 해소를 위해
53354561,20251105,M,60대,서울특별시,700만원 이상,건강 관리를 위해,마음의 안정-휴식을 위해
53354589,20251105,F,20대,대전광역시,무응답,스트레스 해소를 위해,마음의 안정-휴식을 위해
53354607,20251105,M,50대,서울특별시,700만원 이상,스트레스 해소를 위해,자기만족-즐거움을 위해
53354695,20251105,F,20대,전라북도,무응답,스트레스 해소를 위해,마음의 안정-휴식을 위해
53354714,20251105,F,60대,경기도,무응답,자기 계발을 위해,건강 관리를 위해
53354852,20251105,F,50대,전라북도,700만원 이상,마음의 안정-휴식을 위해,가족-지인 등과 시간을 보내기 위해
53354882,20251105,F,50대,부산광역시,무응답,가족-지인 등과 시간을 보내기 위해,스트레스 해소를 위해
53354928,20251105,M,40대,경기도,무응답,마음의 안정-휴식을 위해,남는 시간을 보내기 위해
53355003,20251105,F,20대,인천광역시,300이상500만원 미만,가족-지인 등과 시간을 보내기 위해,스트레스 해소를 위해
53355056,20251105,F,20대,광주광역시,300이상500만원 미만,가족-지인 등과 시간을 보내기 위해,스트레스 해소를 위해
53355182,20251105,F,60대,경기도,300만원 미만,마음의 안정-휴식을 위해,자기 계발을 위해
53355446,20251105,F,50대,서울특별시,무응답,마음의 안정-휴식을 위해,자기 계발을 위해
53355552,20251105,F,30대,울산광역시,무응답,마음의 안정-휴식을 위해,자기만족-즐거움을 위해
53355594,20251105,M,30대,세종특별자치시,무응답,스트레스 해소를 위해,마음의 안정-휴식을 위해
53355730,20251105,M,60대,울산광역시,700만원 이상,마음의 안정-휴식을 위해,건강 관리를 위해
53355802,20251105,M,40대,충청남도,500이상700만원 미만,자기 계발을 위해,가족-지인 등과 시간을 보내기 위해
53356191,20251105,F,40대,부산광역시,300이상500만원 미만,가족-지인 등과 시간을 보내기 위해,없음
53356430,20251105,M,40대,부산광역시,무응답,마음의 안정-휴식을 위해,가족-지인 등과 시간을 보내기 위해
53356550,20251105,M,60대,경상남도,무응답,대인 관계-교제를 위해,가족-지인 등과 시간을 보내기 위해
53356759,20251105,M,30대,경기도,700만원 이상,가족-지인 등과 시간을 보내기 위해,남는 시간을 보내기 위해
53356789,20251105,F,20대,대구광역시,무응답,스트레스 해소를 위해,없음
53356899,20251105,F,20대,전라북도,무응답,자기만족-즐거움을 위해,자기 계발을 위해
53357089,20251105,M,60대,경상남도,500이상700만원 미만,마음의 안정-휴식을 위해,자기만족-즐거움을 위해
53357492,20251105,M,60대,대구광역시,700만원 이상,자기만족-즐거움을 위해,건강 관리를 위해
53357579,20251105,F,40대,부산광역시,300이상500만원 미만,자기만족-즐거움을 위해,마음의 안정-휴식을 위해
53357681,20251105,F,30대,경기도,500이상700만원 미만,가족-지인 등과 시간을 보내기 위해,마음의 안정-휴식을 위해
53357698,20251105,M,30대,대구광역시,700만원 이상,가족-지인 등과 시간을 보내기 위해,스트레스 해소를 위해
53357725,20251105,F,50대,경기도,무응답,건강 관리를 위해,가족-지인 등과 시간을 보내기 위해
53357911,20251105,M,60대,경기도,700만원 이상,건강 관리를 위해,마음의 안정-휴식을 위해
53358006,20251105,F,20대,충청남도,무응답,가족-지인 등과 시간을 보내기 위해,자기만족-즐거움을 위해
53358126,20251105,F,30대,경상남도,무응답,마음의 안정-휴식을 위해,자기만족-즐거움을 위해
53358455,20251105,F,60대,부산광역시,300이상500만원 미만,마음의 안정-휴식을 위해,건강 관리를 위해
53358582,20251105,M,50대,경기도,무응답,가족-지인 등과 시간을 보내기 위해,건강 관리를 위해
53358590,20251105,F,40대,경기도,무응답,마음의 안정-휴식을 위해,스트레스 해소를 위해
53358619,20251105,F,50대,대구광역시,무응답,건강 관리를 위해,가족-지인 등과 시간을 보내기 위해
53358694,20251105,F,50대,경상남도,무응답,자기만족-즐거움을 위해,마음의 안정-휴식을 위해
53358888,20251105,F,30대,부산광역시,700만원 이상,건강 관리를 위해,자기만족-즐거움을 위해
53359479,20251105,M,40대,서울특별시,700만원 이상,마음의 안정-휴식을 위해,가족-지인 등과 시간을 보내기 위해
53359552,20251105,F,30대,서울특별시,700만원 이상,자기만족-즐거움을 위해,스트레스 해소를 위해
53359724,20251105,F,60대,부산광역시,500이상700만원 미만,자기만족-즐거움을 위해,마음의 안정-휴식을 위해
53359809,20251105,F,50대,서울특별시,700만원 이상,자기만족-즐거움을 위해,가족-지인 등과 시간을 보내기 위해
53359825,20251105,M,50대,광주광역시,700만원 이상,남는 시간을 보내기 위해,자기만족-즐거움을 위해
53360059,20251105,F,20대,전라북도,무응답,마음의 안정-휴식을 위해,자기만족-즐거움을 위해
53360071,20251105,F,20대,경기도,700만원 이상,마음의 안정-휴식을 위해,가족-지인 등과 시간을 보내기 위해
53360119,20251105,M,60대,경기도,700만원 이상,건강 관리를 위해,마음의 안정-휴식을 위해
53360123,20251105,F,50대,경기도,300이상500만원 미만,자기만족-즐거움을 위해,건강 관리를 위해
53360243,20251105,M,60대,전라북도,700만원 이상,가족-지인 등과 시간을 보내기 위해,건강 관리를 위해
53360391,20251105,M,50대,경기도,무응답,마음의 안정-휴식을 위해,남는 시간을 보내기 위해
53360455,20251105,F,60대,충청북도,300이상500만원 미만,가족-지인 등과 시간을 보내기 위해,없음
53360524,20251105,F,40대,충청남도,무응답,마음의 안정-휴식을 위해,가족-지인 등과 시간을 보내기 위해
53360534,20251105,M,50대,경기도,무응답,마음의 안정-휴식을 위해,스트레스 해소를 위해
53360621,20251105,M,60대,광주광역시,300이상500만원 미만,가족-지인 등과 시간을 보내기 위해,마음의 안정-휴식을 위해
53361077,20251105,F,30대,강원도,500이상700만원 미만,가족-지인 등과 시간을 보내기 위해,자기만족-즐거움을 위해
53361365,20251105,F,60대,경기도,700만원 이상,가족-지인 등과 시간을 보내기 위해,자기만족-즐거움을 위해
53361412,20251105,F,40대,경기도,700만원 이상,마음의 안정-휴식을 위해,건강 관리를 위해
53361455,20251105,M,40대,인천광역시,300이상500만원 미만,가족-지인 등과 시간을 보내기 위해,자기만족-즐거움을 위해
53361633,20251105,F,50대,서울특별시,500이상700만원 미만,자기만족-즐거움을 위해,스트레스 해소를 위해
53362011,20251105,F,50대,경기도,700만원 이상,자기만족-즐거움을 위해,스트레스 해소를 위해
53362324,20251105,M,50대,서울특별시,700만원 이상,대인 관계-교제를 위해,가족-지인 등과 시간을 보내기 위해
53362754,20251105,F,40대,강원도,700만원 이상,남는 시간을 보내기 위해,자기 계발을 위해
53362822,20251105,F,50대,경기도,300만원 미만,가족-지인 등과 시간을 보내기 위해,마음의 안정-휴식을 위해
53362826,20251105,F,50대,경기도,무응답,가족-지인 등과 시간을 보내기 위해,마음의 안정-휴식을 위해
53363048,20251105,M,60대,전라남도,무응답,대인 관계-교제를 위해,스트레스 해소를 위해
53363256,20251105,F,50대,서울특별시,700만원 이상,가족-지인 등과 시간을 보내기 위해,자기만족-즐거움을 위해
53363355,20251105,F,50대,제주특별자치도,300이상500만원 미만,가족-지인 등과 시간을 보내기 위해,스트레스 해소를 위해
53363408,20251105,F,30대,울산광역시,무응답,자기만족-즐거움을 위해,남는 시간을 보내기 위해
53363932,20251105,F,20대,경기도,무응답,마음의 안정-휴식을 위해,스트레스 해소를 위해
53364268,20251105,F,40대,경기도,무응답,마음의 안정-휴식을 위해,없음
53364391,20251105,F,50대,서울특별시,무응답,대인 관계-교제를 위해,건강 관리를 위해
53364509,20251105,F,30대,충청북도,무응답,마음의 안정-휴식을 위해,자기만족-즐거움을 위해
53364549,20251105,F,60대,경상남도,700만원 이상,건강 관리를 위해,마음의 안정-휴식을 위해
53364669,20251105,F,60대,경기도,500이상700만원 미만,건강 관리를 위해,자기 계발을 위해
53364695,20251105,F,40대,서울특별시,300만원 미만,마음의 안정-휴식을 위해,스트레스 해소를 위해
53364853,20251105,F,40대,서울특별시,700만원 이상,마음의 안정-휴식을 위해,가족-지인 등과 시간을 보내기 위해
53365031,20251105,M,50대,서울특별시,500이상700만원 미만,마음의 안정-휴식을 위해,건강 관리를 위해
53365033,20251105,F,60대,경기도,300이상500만원 미만,건강 관리를 위해,마음의 안정-휴식을 위해
53365071,20251105,F,40대,충청북도,500이상700만원 미만,자기만족-즐거움을 위해,없음
53365131,20251105,M,60대,경기도,무응답,자기만족-즐거움을 위해,건강 관리를 위해
53365147,20251105,M,60대,경기도,700만원 이상,마음의 안정-휴식을 위해,건강 관리를 위해
53365294,20251105,F,50대,충청북도,700만원 이상,스트레스 해소를 위해,자기만족-즐거움을 위해
53365622,20251105,M,60대,충청북도,700만원 이상,건강 관리를 위해,자기만족-즐거움을 위해
53365684,20251105,M,60대,경상남도,무응답,자기만족-즐거움을 위해,남는 시간을 보내기 위해
53366332,20251105,M,60대,서울특별시,500이상700만원 미만,대인 관계-교제를 위해,건강 관리를 위해
53366457,20251105,F,20대,서울특별시,무응답,스트레스 해소를 위해,없음
53366461,20251105,F,20대,제주특별자치도,무응답,스트레스 해소를 위해,마음의 안정-휴식을 위해
53366597,20251105,F,20대,세종특별자치시,무응답,가족-지인 등과 시간을 보내기 위해,마음의 안정-휴식을 위해
53366616,20251105,F,20대,서울특별시,무응답,스트레스 해소를 위해,가족-지인 등과 시간을 보내기 위해
53366680,20251105,M,50대,부산광역시,무응답,스트레스 해소를 위해,대인 관계-교제를 위해
53367133,20251105,F,20대,경상남도,500이상700만원 미만,자기만족-즐거움을 위해,가족-지인 등과 시간을 보내기 위해
53367278,20251105,M,60대,서울특별시,300만원 미만,마음의 안정-휴식을 위해,자기만족-즐거움을 위해
53367538,20251105,F,50대,경기도,무응답,대인 관계-교제를 위해,마음의 안정-휴식을 위해
53367724,20251105,M,50대,부산광역시,700만원 이상,자기 계발을 위해,건강 관리를 위해
53367777,20251105,F,50대,서울특별시,500이상700만원 미만,스트레스 해소를 위해,가족-지인 등과 시간을 보내기 위해
53367893,20251105,F,20대,인천광역시,무응답,마음의 안정-휴식을 위해,스트레스 해소를 위해
53368115,20251105,F,50대,서울특별시,300만원 미만,마음의 안정-휴식을 위해,건강 관리를 위해
53368129,20251105,F,50대,서울특별시,700만원 이상,자기만족-즐거움을 위해,남는 시간을 보내기 위해
53368150,20251105,F,60대,대구광역시,300이상500만원 미만,마음의 안정-휴식을 위해,스트레스 해소를 위해
53368173,20251105,F,50대,충청남도,300이상500만원 미만,자기만족-즐거움을 위해,마음의 안정-휴식을 위해
53368209,20251105,F,50대,경기도,300만원 미만,가족-지인 등과 시간을 보내기 위해,자기 계발을 위해
53368306,20251105,M,50대,경기도,무응답,스트레스 해소를 위해,없음
53368403,20251105,M,50대,충청북도,무응답,자기만족-즐거움을 위해,남는 시간을 보내기 위해
53368535,20251105,M,50대,충청북도,700만원 이상,남는 시간을 보내기 위해,마음의 안정-휴식을 위해
53368546,20251105,F,50대,부산광역시,700만원 이상,마음의 안정-휴식을 위해,스트레스 해소를 위해
53368558,20251105,M,30대,경기도,700만원 이상,가족-지인 등과 시간을 보내기 위해,스트레스 해소를 위해
53368893,20251105,M,60대,경기도,700만원 이상,가족-지인 등과 시간을 보내기 위해,대인 관계-교제를 위해
53369399,20251105,M,30대,경기도,무응답,마음의 안정-휴식을 위해,스트레스 해소를 위해
53369408,20251105,M,30대,부산광역시,500이상700만원 미만,건강 관리를 위해,마음의 안정-휴식을 위해
53369463,20251105,F,50대,경기도,무응답,가족-지인 등과 시간을 보내기 위해,건강 관리를 위해
53369642,20251105,M,50대,서울특별시,700만원 이상,자기만족-즐거움을 위해,건강 관리를 위해
53369773,20251105,M,50대,광주광역시,500이상700만원 미만,마음의 안정-휴식을 위해,가족-지인 등과 시간을 보내기 위해
53369977,20251105,M,30대,서울특별시,무응답,자기 계발을 위해,가족-지인 등과 시간을 보내기 위해
53370095,20251105,M,50대,경기도,700만원 이상,마음의 안정-휴식을 위해,자기 계발을 위해
53370236,20251105,M,40대,서울특별시,무응답,건강 관리를 위해,가족-지인 등과 시간을 보내기 위해
53370579,20251105,F,40대,전라남도,700만원 이상,마음의 안정-휴식을 위해,건강 관리를 위해
53370632,20251105,M,40대,경상남도,300이상500만원 미만,건강 관리를 위해,스트레스 해소를 위해
53370689,20251105,M,50대,인천광역시,무응답,건강 관리를 위해,마음의 안정-휴식을 위해
53370839,20251105,M,40대,대전광역시,300이상500만원 미만,가족-지인 등과 시간을 보내기 위해,자기 계발을 위해
53371419,20251105,M,30대,대구광역시,무응답,건강 관리를 위해,없음
53371445,20251105,M,40대,경상남도,300이상500만원 미만,가족-지인 등과 시간을 보내기 위해,스트레스 해소를 위해
53371626,20251105,F,60대,경기도,500이상700만원 미만,자기만족-즐거움을 위해,건강 관리를 위해
53372213,20251105,M,20대,서울특별시,무응답,자기만족-즐거움을 위해,건강 관리를 위해
53372314,20251105,F,20대,서울특별시,무응답,마음의 안정-휴식을 위해,스트레스 해소를 위해
53372537,20251105,F,30대,경기도,500이상700만원 미만,마음의 안정-휴식을 위해,건강 관리를 위해
53372575,20251105,M,40대,서울특별시,700만원 이상,가족-지인 등과 시간을 보내기 위해,스트레스 해소를 위해
53372689,20251105,F,50대,경상남도,무응답,자기만족-즐거움을 위해,자기 계발을 위해
53373278,20251105,M,60대,경기도,무응답,대인 관계-교제를 위해,자기만족-즐거움을 위해
53373416,20251105,M,40대,경기도,700만원 이상,건강 관리를 위해,마음의 안정-휴식을 위해
53373777,20251105,M,50대,경기도,700만원 이상,마음의 안정-휴식을 위해,대인 관계-교제를 위해
53374167,20251105,M,50대,부산광역시,무응답,가족-지인 등과 시간을 보내기 위해,자기만족-즐거움을 위해
53374388,20251105,M,50대,부산광역시,700만원 이상,자기 계발을 위해,스트레스 해소를 위해
53374770,20251105,F,40대,서울특별시,무응답,스트레스 해소를 위해,마음의 안정-휴식을 위해
53374917,20251105,M,50대,서울특별시,무응답,건강 관리를 위해,마음의 안정-휴식을 위해
53374970,20251105,M,40대,경상북도,무응답,스트레스 해소를 위해,없음
53375041,20251105,M,50대,부산광역시,300만원 미만,건강 관리를 위해,남는 시간을 보내기 위해
53375132,20251105,F,40대,경기도,무응답,마음의 안정-휴식을 위해,건강 관리를 위해
53375151,20251105,M,40대,서울특별시,무응답,마음의 안정-휴식을 위해,가족-지인 등과 시간을 보내기 위해
53375838,20251105,M,40대,경기도,300만원 미만,마음의 안정-휴식을 위해,가족-지인 등과 시간을 보내기 위해
53376092,20251105,F,60대,경기도,무응답,마음의 안정-휴식을 위해,자기만족-즐거움을 위해
53376219,20251105,F,50대,강원도,500이상700만원 미만,가족-지인 등과 시간을 보내기 위해,대인 관계-교제를 위해
53376576,20251105,F,50대,경기도,무응답,자기만족-즐거움을 위해,남는 시간을 보내기 위해
53376791,20251105,F,40대,경기도,무응답,자기만족-즐거움을 위해,건강 관리를 위해
53376892,20251105,F,20대,경기도,무응답,스트레스 해소를 위해,마음의 안정-휴식을 위해
53376919,20251105,F,30대,경기도,무응답,자기만족-즐거움을 위해,마음의 안정-휴식을 위해
53377238,20251105,M,30대,대전광역시,700만원 이상,스트레스 해소를 위해,대인 관계-교제를 위해
53377280,20251105,M,60대,서울특별시,500이상700만원 미만,건강 관리를 위해,자기만족-즐거움을 위해
53377300,20251105,M,60대,전라북도,500이상700만원 미만,마음의 안정-휴식을 위해,자기만족-즐거움을 위해
53377341,20251105,M,50대,대구광역시,500이상700만원 미만,건강 관리를 위해,가족-지인 등과 시간을 보내기 위해
1928,20251112,F,40대,경기도,무응답,마음의 안정-휴식을 위해,남는 시간을 보내기 위해
23327,20251112,M,30대,경상북도,무응답,자기만족-즐거움을 위해,스트레스 해소를 위해
23955,20251112,M,30대,경기도,무응답,자기만족-즐거움을 위해,남는 시간을 보내기 위해
26416,20251112,M,50대,서울특별시,500이상700만원 미만,마음의 안정-휴식을 위해,자기만족-즐거움을 위해
44485,20251112,F,60대,전라남도,무응답,건강 관리를 위해,마음의 안정-휴식을 위해
90008,20251112,F,30대,강원도,무응답,마음의 안정-휴식을 위해,자기만족-즐거움을 위해
100034,20251112,M,30대,경기도,무응답,스트레스 해소를 위해,가족-지인 등과 시간을 보내기 위해
133200,20251112,F,60대,경상남도,무응답,건강 관리를 위해,마음의 안정-휴식을 위해
147864,20251112,M,60대,경기도,300이상500만원 미만,마음의 안정-휴식을 위해,가족-지인 등과 시간을 보내기 위해
232691,20251112,M,30대,경기도,300만원 미만,가족-지인 등과 시간을 보내기 위해,자기만족-즐거움을 위해
233056,20251112,M,50대,경기도,700만원 이상,스트레스 해소를 위해,가족-지인 등과 시간을 보내기 위해
249243,20251112,F,60대,경기도,300이상500만원 미만,마음의 안정-휴식을 위해,대인 관계-교제를 위해
278066,20251112,M,30대,경기도,무응답,자기만족-즐거움을 위해,대인 관계-교제를 위해
291821,20251112,M,30대,경기도,무응답,가족-지인 등과 시간을 보내기 위해,마음의 안정-휴식을 위해
304591,20251112,F,40대,강원도,300이상500만원 미만,마음의 안정-휴식을 위해,가족-지인 등과 시간을 보내기 위해
305927,20251112,M,20대,경상북도,무응답,마음의 안정-휴식을 위해,자기만족-즐거움을 위해
333301,20251112,F,30대,경기도,300이상500만원 미만,스트레스 해소를 위해,자기만족-즐거움을 위해
350800,20251112,M,20대,대구광역시,무응답,자기만족-즐거움을 위해,남는 시간을 보내기 위해
355789,20251112,M,50대,경상남도,700만원 이상,마음의 안정-휴식을 위해,자기만족-즐거움을 위해
360633,20251112,F,20대,경기도,무응답,가족-지인 등과 시간을 보내기 위해,대인 관계-교제를 위해
362380,20251112,M,50대,경기도,700만원 이상,대인 관계-교제를 위해,건강 관리를 위해
368869,20251112,M,60대,경기도,500이상700만원 미만,자기만족-즐거움을 위해,대인 관계-교제를 위해
368877,20251112,F,20대,경기도,무응답,스트레스 해소를 위해,자기만족-즐거움을 위해
369113,20251112,M,20대,충청북도,300만원 미만,자기만족-즐거움을 위해,마음의 안정-휴식을 위해
369538,20251112,M,30대,경상남도,300만원 미만,자기만족-즐거움을 위해,스트레스 해소를 위해
380961,20251112,M,30대,경기도,700만원 이상,마음의 안정-휴식을 위해,스트레스 해소를 위해
384672,20251112,M,50대,경기도,무응답,가족-지인 등과 시간을 보내기 위해,마음의 안정-휴식을 위해
392693,20251112,F,20대,경기도,300만원 미만,남는 시간을 보내기 위해,스트레스 해소를 위해
392775,20251112,M,20대,대구광역시,무응답,자기 계발을 위해,건강 관리를 위해
394123,20251112,F,20대,경기도,300만원 미만,스트레스 해소를 위해,자기만족-즐거움을 위해
400126,20251112,M,50대,경상남도,무응답,건강 관리를 위해,자기만족-즐거움을 위해
404640,20251112,M,30대,경기도,무응답,마음의 안정-휴식을 위해,스트레스 해소를 위해
405527,20251112,M,50대,경상남도,500이상700만원 미만,가족-지인 등과 시간을 보내기 위해,대인 관계-교제를 위해
405740,20251112,M,50대,전라남도,500이상700만원 미만,건강 관리를 위해,없음
407072,20251112,F,60대,대구광역시,무응답,스트레스 해소를 위해,자기만족-즐거움을 위해
409117,20251112,M,20대,서울특별시,무응답,마음의 안정-휴식을 위해,자기 계발을 위해
410073,20251112,M,50대,강원도,300이상500만원 미만,가족-지인 등과 시간을 보내기 위해,마음의 안정-휴식을 위해
410261,20251112,F,20대,경기도,무응답,스트레스 해소를 위해,마음의 안정-휴식을 위해
413994,20251112,F,40대,경기도,500이상700만원 미만,마음의 안정-휴식을 위해,남는 시간을 보내기 위해
416344,20251112,F,40대,경기도,300이상500만원 미만,건강 관리를 위해,스트레스 해소를 위해
421282,20251112,M,20대,대구광역시,300이상500만원 미만,남는 시간을 보내기 위해,자기만족-즐거움을 위해
422582,20251112,M,20대,서울특별시,300이상500만원 미만,마음의 안정-휴식을 위해,대인 관계-교제를 위해
423757,20251112,F,20대,경상북도,무응답,남는 시간을 보내기 위해,자기만족-즐거움을 위해
425233,20251112,F,20대,전라남도,무응답,스트레스 해소를 위해,가족-지인 등과 시간을 보내기 위해
425711,20251112,F,30대,인천광역시,300이상500만원 미만,마음의 안정-휴식을 위해,자기 계발을 위해
428582,20251112,M,20대,전라북도,무응답,가족-지인 등과 시간을 보내기 위해,마음의 안정-휴식을 위해
428803,20251112,F,20대,경상북도,무응답,남는 시간을 보내기 위해,스트레스 해소를 위해
430213,20251112,F,20대,서울특별시,무응답,가족-지인 등과 시간을 보내기 위해,없음
432010,20251112,M,20대,경상남도,무응답,스트레스 해소를 위해,마음의 안정-휴식을 위해
433486,20251112,M,20대,경기도,무응답,마음의 안정-휴식을 위해,스트레스 해소를 위해
436470,20251112,F,20대,경기도,700만원 이상,가족-지인 등과 시간을 보내기 위해,마음의 안정-휴식을 위해
437902,20251112,M,30대,경기도,500이상700만원 미만,마음의 안정-휴식을 위해,스트레스 해소를 위해
438440,20251112,M,30대,세종특별자치시,500이상700만원 미만,가족-지인 등과 시간을 보내기 위해,마음의 안정-휴식을 위해
439577,20251112,M,40대,세종특별자치시,무응답,마음의 안정-휴식을 위해,건강 관리를 위해
444019,20251112,F,20대,전라북도,무응답,자기만족-즐거움을 위해,마음의 안정-휴식을 위해
444309,20251112,F,20대,제주특별자치도,무응답,스트레스 해소를 위해,마음의 안정-휴식을 위해
444912,20251112,F,20대,강원도,무응답,남는 시간을 보내기 위해,마음의 안정-휴식을 위해
447050,20251112,M,20대,서울특별시,무응답,스트레스 해소를 위해,가족-지인 등과 시간을 보내기 위해
447366,20251112,F,30대,대구광역시,무응답,마음의 안정-휴식을 위해,자기만족-즐거움을 위해
449582,20251112,M,30대,경기도,500이상700만원 미만,가족-지인 등과 시간을 보내기 위해,자기만족-즐거움을 위해
450844,20251112,F,20대,경기도,300이상500만원 미만,마음의 안정-휴식을 위해,자기만족-즐거움을 위해
451594,20251112,M,20대,서울특별시,300이상500만원 미만,마음의 안정-휴식을 위해,자기만족-즐거움을 위해
451799,20251112,F,20대,전라북도,무응답,자기 계발을 위해,자기만족-즐거움을 위해
451850,20251112,M,30대,경상북도,700만원 이상,자기만족-즐거움을 위해,마음의 안정-휴식을 위해
452150,20251112,F,30대,전라남도,무응답,건강 관리를 위해,스트레스 해소를 위해
454986,20251112,M,20대,경기도,무응답,스트레스 해소를 위해,대인 관계-교제를 위해
456257,20251112,M,50대,경상남도,700만원 이상,자기만족-즐거움을 위해,스트레스 해소를 위해
458289,20251112,M,20대,경상남도,무응답,자기만족-즐거움을 위해,스트레스 해소를 위해
458694,20251112,M,20대,부산광역시,300이상500만원 미만,마음의 안정-휴식을 위해,스트레스 해소를 위해
458782,20251112,M,20대,경기도,700만원 이상,자기만족-즐거움을 위해,마음의 안정-휴식을 위해
460052,20251112,F,20대,경기도,무응답,마음의 안정-휴식을 위해,자기만족-즐거움을 위해
460699,20251112,F,20대,대구광역시,300만원 미만,마음의 안정-휴식을 위해,자기만족-즐거움을 위해
460821,20251112,F,20대,전라남도,무응답,마음의 안정-휴식을 위해,스트레스 해소를 위해
461100,20251112,F,20대,대구광역시,무응답,남는 시간을 보내기 위해,마음의 안정-휴식을 위해
462420,20251112,F,20대,경기도,무응답,자기만족-즐거움을 위해,가족-지인 등과 시간을 보내기 위해
463216,20251112,M,20대,경기도,무응답,가족-지인 등과 시간을 보내기 위해,자기만족-즐거움을 위해
463230,20251112,M,20대,인천광역시,무응답,남는 시간을 보내기 위해,자기만족-즐거움을 위해
464734,20251112,M,20대,경기도,700만원 이상,마음의 안정-휴식을 위해,가족-지인 등과 시간을 보내기 위해
464889,20251112,F,20대,경상북도,300만원 미만,마음의 안정-휴식을 위해,자기만족-즐거움을 위해
468208,20251112,M,20대,경기도,무응답,대인 관계-교제를 위해,가족-지인 등과 시간을 보내기 위해
468235,20251112,M,20대,대전광역시,300이상500만원 미만,스트레스 해소를 위해,건강 관리를 위해
469886,20251112,M,20대,경기도,700만원 이상,남는 시간을 보내기 위해,대인 관계-교제를 위해
470843,20251112,M,30대,대구광역시,무응답,마음의 안정-휴식을 위해,자기 계발을 위해
472891,20251112,F,20대,경기도,무응답,자기만족-즐거움을 위해,건강 관리를 위해
476634,20251112,M,40대,경기도,700만원 이상,가족-지인 등과 시간을 보내기 위해,자기 계발을 위해
477112,20251112,M,30대,경상북도,무응답,자기 계발을 위해,자기만족-즐거움을 위해
478054,20251112,M,20대,서울특별시,무응답,마음의 안정-휴식을 위해,스트레스 해소를 위해
479139,20251112,M,30대,경기도,700만원 이상,가족-지인 등과 시간을 보내기 위해,마음의 안정-휴식을 위해
482596,20251112,M,30대,경기도,300이상500만원 미만,마음의 안정-휴식을 위해,건강 관리를 위해
484479,20251112,F,30대,경상남도,무응답,남는 시간을 보내기 위해,자기만족-즐거움을 위해
484616,20251112,M,30대,경기도,300이상500만원 미만,마음의 안정-휴식을 위해,남는 시간을 보내기 위해
2756235,20251112,M,40대,세종특별자치시,700만원 이상,가족-지인 등과 시간을 보내기 위해,자기 계발을 위해
2980088,20251112,M,60대,경상남도,무응답,자기만족-즐거움을 위해,가족-지인 등과 시간을 보내기 위해
3003962,20251112,F,30대,광주광역시,300이상500만원 미만,마음의 안정-휴식을 위해,자기만족-즐거움을 위해
3004748,20251112,M,30대,전라북도,500이상700만원 미만,스트레스 해소를 위해,건강 관리를 위해
3048129,20251112,F,30대,경기도,300만원 미만,마음의 안정-휴식을 위해,가족-지인 등과 시간을 보내기 위해
3089615,20251112,M,20대,서울특별시,무응답,가족-지인 등과 시간을 보내기 위해,없음
3104055,20251112,M,30대,경기도,500이상700만원 미만,자기만족-즐거움을 위해,대인 관계-교제를 위해
3183539,20251112,F,60대,광주광역시,700만원 이상,자기만족-즐거움을 위해,가족-지인 등과 시간을 보내기 위해
3210960,20251112,F,30대,인천광역시,300이상500만원 미만,가족-지인 등과 시간을 보내기 위해,마음의 안정-휴식을 위해
3220367,20251112,M,20대,대전광역시,500이상700만원 미만,남는 시간을 보내기 위해,건강 관리를 위해
3234846,20251112,M,20대,서울특별시,700만원 이상,대인 관계-교제를 위해,가족-지인 등과 시간을 보내기 위해
3248227,20251112,M,40대,경기도,무응답,가족-지인 등과 시간을 보내기 위해,마음의 안정-휴식을 위해
3263500,20251112,F,30대,광주광역시,500이상700만원 미만,마음의 안정-휴식을 위해,가족-지인 등과 시간을 보내기 위해
3266222,20251112,M,40대,경기도,700만원 이상,자기만족-즐거움을 위해,건강 관리를 위해
3268576,20251112,M,30대,경기도,무응답,자기만족-즐거움을 위해,대인 관계-교제를 위해
3286005,20251112,F,60대,부산광역시,500이상700만원 미만,자기 계발을 위해,건강 관리를 위해
3287848,20251112,F,40대,경상북도,500이상700만원 미만,자기만족-즐거움을 위해,건강 관리를 위해
3289195,20251112,F,60대,전라남도,500이상700만원 미만,건강 관리를 위해,마음의 안정-휴식을 위해
3289850,20251112,M,40대,경기도,300이상500만원 미만,가족-지인 등과 시간을 보내기 위해,건강 관리를 위해
3290606,20251112,M,30대,경상남도,500이상700만원 미만,가족-지인 등과 시간을 보내기 위해,마음의 안정-휴식을 위해
3292765,20251112,M,60대,경상북도,500이상700만원 미만,건강 관리를 위해,자기만족-즐거움을 위해
3298282,20251112,M,30대,경기도,무응답,스트레스 해소를 위해,자기만족-즐거움을 위해
3298918,20251112,F,50대,대구광역시,무응답,건강 관리를 위해,자기 계발을 위해
3299679,20251112,F,40대,경기도,무응답,건강 관리를 위해,스트레스 해소를 위해
3300006,20251112,M,40대,전라북도,300이상500만원 미만,마음의 안정-휴식을 위해,없음
3300440,20251112,F,60대,세종특별자치시,무응답,건강 관리를 위해,자기만족-즐거움을 위해
3304679,20251112,F,50대,전라남도,무응답,마음의 안정-휴식을 위해,가족-지인 등과 시간을 보내기 위해
3306915,20251112,F,60대,인천광역시,700만원 이상,건강 관리를 위해,대인 관계-교제를 위해
3307651,20251112,M,40대,대구광역시,무응답,건강 관리를 위해,스트레스 해소를 위해
3309535,20251112,F,40대,울산광역시,무응답,마음의 안정-휴식을 위해,자기만족-즐거움을 위해
3310579,20251112,F,40대,부산광역시,무응답,자기 계발을 위해,대인 관계-교제를 위해
3312055,20251112,F,20대,충청남도,무응답,마음의 안정-휴식을 위해,스트레스 해소를 위해
3312742,20251112,M,30대,경기도,무응답,자기만족-즐거움을 위해,마음의 안정-휴식을 위해
3314604,20251112,M,30대,경상남도,무응답,마음의 안정-휴식을 위해,스트레스 해소를 위해
3314975,20251112,M,60대,강원도,무응답,마음의 안정-휴식을 위해,자기만족-즐거움을 위해
53322168,20251112,M,20대,전라북도,무응답,건강 관리를 위해,스트레스 해소를 위해
53322339,20251112,F,50대,서울특별시,700만원 이상,남는 시간을 보내기 위해,마음의 안정-휴식을 위해
53322469,20251112,M,40대,서울특별시,500이상700만원 미만,마음의 안정-휴식을 위해,가족-지인 등과 시간을 보내기 위해
53322564,20251112,F,20대,경기도,무응답,자기만족-즐거움을 위해,남는 시간을 보내기 위해
53322735,20251112,M,40대,경기도,무응답,자기 계발을 위해,없음
53322767,20251112,F,40대,서울특별시,무응답,건강 관리를 위해,대인 관계-교제를 위해
53322896,20251112,F,50대,서울특별시,500이상700만원 미만,건강 관리를 위해,스트레스 해소를 위해
53322918,20251112,F,50대,서울특별시,700만원 이상,자기만족-즐거움을 위해,가족-지인 등과 시간을 보내기 위해
53322930,20251112,M,60대,서울특별시,무응답,마음의 안정-휴식을 위해,자기만족-즐거움을 위해
53322935,20251112,F,60대,서울특별시,500이상700만원 미만,자기만족-즐거움을 위해,자기 계발을 위해
53322943,20251112,M,50대,서울특별시,500이상700만원 미만,마음의 안정-휴식을 위해,가족-지인 등과 시간을 보내기 위해
53323091,20251112,F,50대,서울특별시,300이상500만원 미만,마음의 안정-휴식을 위해,가족-지인 등과 시간을 보내기 위해
53323101,20251112,F,40대,서울특별시,500이상700만원 미만,가족-지인 등과 시간을 보내기 위해,대인 관계-교제를 위해
53323111,20251112,M,60대,서울특별시,700만원 이상,자기만족-즐거움을 위해,스트레스 해소를 위해
53323220,20251112,M,50대,서울특별시,무응답,마음의 안정-휴식을 위해,건강 관리를 위해
53323572,20251112,M,30대,서울특별시,700만원 이상,남는 시간을 보내기 위해,스트레스 해소를 위해
53323587,20251112,F,40대,경기도,무응답,가족-지인 등과 시간을 보내기 위해,마음의 안정-휴식을 위해
53323669,20251112,F,30대,서울특별시,무응답,마음의 안정-휴식을 위해,자기만족-즐거움을 위해
53323764,20251112,F,40대,서울특별시,700만원 이상,대인 관계-교제를 위해,자기만족-즐거움을 위해
53324144,20251112,F,60대,서울특별시,300만원 미만,마음의 안정-휴식을 위해,자기 계발을 위해
53324460,20251112,F,40대,서울특별시,무응답,자기만족-즐거움을 위해,대인 관계-교제를 위해
53324749,20251112,M,60대,서울특별시,무응답,가족-지인 등과 시간을 보내기 위해,대인 관계-교제를 위해
53324945,20251112,M,60대,서울특별시,500이상700만원 미만,자기만족-즐거움을 위해,마음의 안정-휴식을 위해
53325030,20251112,F,60대,서울특별시,500이상700만원 미만,건강 관리를 위해,자기만족-즐거움을 위해
53325330,20251112,M,60대,서울특별시,무응답,마음의 안정-휴식을 위해,대인 관계-교제를 위해
53325659,20251112,M,40대,서울특별시,500이상700만원 미만,건강 관리를 위해,마음의 안정-휴식을 위해
53325707,20251112,F,50대,부산광역시,300만원 미만,자기만족-즐거움을 위해,가족-지인 등과 시간을 보내기 위해
53325822,20251112,M,60대,충청남도,300이상500만원 미만,자기 계발을 위해,가족-지인 등과 시간을 보내기 위해
53325870,20251112,F,50대,경기도,700만원 이상,건강 관리를 위해,마음의 안정-휴식을 위해
53325912,20251112,F,50대,경상북도,무응답,마음의 안정-휴식을 위해,자기만족-즐거움을 위해
53325967,20251112,F,50대,충청남도,무응답,건강 관리를 위해,마음의 안정-휴식을 위해
53326035,20251112,M,50대,서울특별시,700만원 이상,가족-지인 등과 시간을 보내기 위해,마음의 안정-휴식을 위해
53326150,20251112,F,30대,인천광역시,무응답,남는 시간을 보내기 위해,자기만족-즐거움을 위해
53326330,20251112,M,40대,경기도,500이상700만원 미만,가족-지인 등과 시간을 보내기 위해,자기만족-즐거움을 위해
53326475,20251112,F,40대,울산광역시,300이상500만원 미만,자기만족-즐거움을 위해,스트레스 해소를 위해
53326517,20251112,M,40대,충청남도,700만원 이상,가족-지인 등과 시간을 보내기 위해,마음의 안정-휴식을 위해
53326521,20251112,F,60대,세종특별자치시,300만원 미만,자기 계발을 위해,건강 관리를 위해
53326595,20251112,M,60대,경기도,500이상700만원 미만,건강 관리를 위해,대인 관계-교제를 위해
53326641,20251112,F,40대,인천광역시,무응답,스트레스 해소를 위해,자기만족-즐거움을 위해
53326762,20251112,M,20대,경기도,무응답,스트레스 해소를 위해,마음의 안정-휴식을 위해
53326889,20251112,M,60대,대전광역시,700만원 이상,대인 관계-교제를 위해,마음의 안정-휴식을 위해
53327300,20251112,F,50대,경기도,300이상500만원 미만,가족-지인 등과 시간을 보내기 위해,마음의 안정-휴식을 위해
53327329,20251112,M,50대,강원도,700만원 이상,마음의 안정-휴식을 위해,자기만족-즐거움을 위해
53327560,20251112,F,30대,경기도,무응답,스트레스 해소를 위해,마음의 안정-휴식을 위해
53327800,20251112,M,30대,인천광역시,700만원 이상,스트레스 해소를 위해,자기만족-즐거움을 위해
53327927,20251112,M,50대,경기도,500이상700만원 미만,마음의 안정-휴식을 위해,스트레스 해소를 위해
53327952,20251112,M,50대,울산광역시,700만원 이상,건강 관리를 위해,스트레스 해소를 위해
53327959,20251112,F,30대,전라남도,300이상500만원 미만,마음의 안정-휴식을 위해,자기만족-즐거움을 위해
53328310,20251112,M,30대,서울특별시,무응답,마음의 안정-휴식을 위해,대인 관계-교제를 위해
53328338,20251112,M,60대,서울특별시,700만원 이상,마음의 안정-휴식을 위해,자기만족-즐거움을 위해
53328346,20251112,M,50대,경기도,700만원 이상,스트레스 해소를 위해,가족-지인 등과 시간을 보내기 위해
53328469,20251112,F,60대,경상북도,500이상700만원 미만,자기 계발을 위해,자기만족-즐거움을 위해
53329180,20251112,F,40대,충청남도,300이상500만원 미만,건강 관리를 위해,자기만족-즐거움을 위해
53329401,20251112,M,40대,부산광역시,무응답,건강 관리를 위해,마음의 안정-휴식을 위해
53329595,20251112,F,50대,대구광역시,500이상700만원 미만,가족-지인 등과 시간을 보내기 위해,자기만족-즐거움을 위해
53329674,20251112,M,40대,경기도,300이상500만원 미만,스트레스 해소를 위해,대인 관계-교제를 위해
53329910,20251112,M,40대,전라남도,500이상700만원 미만,가족-지인 등과 시간을 보내기 위해,마음의 안정-휴식을 위해
53329962,20251112,M,50대,서울특별시,무응답,건강 관리를 위해,마음의 안정-휴식을 위해
53330090,20251112,M,30대,경상남도,700만원 이상,가족-지인 등과 시간을 보내기 위해,스트레스 해소를 위해
53330333,20251112,M,60대,제주특별자치도,500이상700만원 미만,자기만족-즐거움을 위해,마음의 안정-휴식을 위해
53330432,20251112,M,40대,서울특별시,700만원 이상,마음의 안정-휴식을 위해,가족-지인 등과 시간을 보내기 위해
53330551,20251112,F,40대,충청남도,300이상500만원 미만,스트레스 해소를 위해,마음의 안정-휴식을 위해
53330594,20251112,F,50대,서울특별시,300이상500만원 미만,자기만족-즐거움을 위해,남는 시간을 보내기 위해
53330601,20251112,M,30대,인천광역시,무응답,마음의 안정-휴식을 위해,가족-지인 등과 시간을 보내기 위해
53330688,20251112,M,20대,대구광역시,300이상500만원 미만,남는 시간을 보내기 위해,마음의 안정-휴식을 위해
53330735,20251112,M,60대,충청북도,700만원 이상,스트레스 해소를 위해,가족-지인 등과 시간을 보내기 위해
53330784,20251112,F,20대,대구광역시,700만원 이상,건강 관리를 위해,대인 관계-교제를 위해
53330809,20251112,F,30대,경기도,무응답,마음의 안정-휴식을 위해,스트레스 해소를 위해
53330941,20251112,F,60대,전라북도,700만원 이상,자기 계발을 위해,스트레스 해소를 위해
53330984,20251112,M,20대,서울특별시,500이상700만원 미만,자기만족-즐거움을 위해,가족-지인 등과 시간을 보내기 위해
53331049,20251112,F,40대,경기도,500이상700만원 미만,마음의 안정-휴식을 위해,스트레스 해소를 위해
53331173,20251112,F,30대,인천광역시,500이상700만원 미만,자기만족-즐거움을 위해,가족-지인 등과 시간을 보내기 위해
53331680,20251112,M,30대,경기도,500이상700만원 미만,가족-지인 등과 시간을 보내기 위해,스트레스 해소를 위해
53331831,20251112,F,50대,서울특별시,700만원 이상,마음의 안정-휴식을 위해,자기만족-즐거움을 위해
53332004,20251112,F,50대,경상북도,무응답,건강 관리를 위해,대인 관계-교제를 위해
53332046,20251112,M,20대,충청북도,무응답,마음의 안정-휴식을 위해,대인 관계-교제를 위해
53332100,20251112,F,60대,부산광역시,500이상700만원 미만,가족-지인 등과 시간을 보내기 위해,남는 시간을 보내기 위해
53332471,20251112,F,60대,충청남도,무응답,마음의 안정-휴식을 위해,가족-지인 등과 시간을 보내기 위해
53332668,20251112,M,20대,부산광역시,무응답,대인 관계-교제를 위해,마음의 안정-휴식을 위해
53332799,20251112,F,30대,울산광역시,700만원 이상,마음의 안정-휴식을 위해,스트레스 해소를 위해
53332854,20251112,F,30대,인천광역시,700만원 이상,스트레스 해소를 위해,마음의 안정-휴식을 위해
53333024,20251112,M,60대,전라북도,무응답,자기만족-즐거움을 위해,스트레스 해소를 위해
53333310,20251112,M,40대,경기도,무응답,가족-지인 등과 시간을 보내기 위해,건강 관리를 위해
53333382,20251112,M,60대,부산광역시,500이상700만원 미만,마음의 안정-휴식을 위해,대인 관계-교제를 위해
53333538,20251112,M,40대,경기도,무응답,마음의 안정-휴식을 위해,스트레스 해소를 위해
53333858,20251112,M,30대,서울특별시,무응답,가족-지인 등과 시간을 보내기 위해,자기만족-즐거움을 위해
53333881,20251112,M,30대,부산광역시,700만원 이상,스트레스 해소를 위해,마음의 안정-휴식을 위해
53333982,20251112,F,40대,전라북도,500이상700만원 미만,자기만족-즐거움을 위해,가족-지인 등과 시간을 보내기 위해
53334088,20251112,M,60대,경상남도,무응답,마음의 안정-휴식을 위해,자기만족-즐거움을 위해
53334271,20251112,M,50대,서울특별시,300만원 미만,건강 관리를 위해,자기 계발을 위해
53334572,20251112,M,40대,서울특별시,무응답,마음의 안정-휴식을 위해,자기만족-즐거움을 위해
53334820,20251112,M,40대,광주광역시,700만원 이상,스트레스 해소를 위해,가족-지인 등과 시간을 보내기 위해
53334831,20251112,F,50대,서울특별시,700만원 이상,가족-지인 등과 시간을 보내기 위해,대인 관계-교제를 위해
53335082,20251112,M,30대,서울특별시,무응답,마음의 안정-휴식을 위해,남는 시간을 보내기 위해
53335092,20251112,F,30대,서울특별시,700만원 이상,건강 관리를 위해,마음의 안정-휴식을 위해
53335124,20251112,M,40대,서울특별시,700만원 이상,스트레스 해소를 위해,자기만족-즐거움을 위해
53335431,20251112,F,60대,서울특별시,무응답,남는 시간을 보내기 위해,자기만족-즐거움을 위해
53335576,20251112,M,30대,강원도,무응답,자기만족-즐거움을 위해,마음의 안정-휴식을 위해
53335761,20251112,F,30대,제주특별자치도,무응답,스트레스 해소를 위해,자기만족-즐거움을 위해
53335796,20251112,M,50대,세종특별자치시,300이상500만원 미만,마음의 안정-휴식을 위해,건강 관리를 위해
53335864,20251112,M,60대,울산광역시,300이상500만원 미만,마음의 안정-휴식을 위해,자기만족-즐거움을 위해
53335945,20251112,F,50대,제주특별자치도,700만원 이상,기타,없음
53335987,20251112,M,40대,대구광역시,500이상700만원 미만,스트레스 해소를 위해,마음의 안정-휴식을 위해
53336290,20251112,F,40대,전라남도,700만원 이상,남는 시간을 보내기 위해,없음
53336686,20251112,F,50대,부산광역시,500이상700만원 미만,자기만족-즐거움을 위해,마음의 안정-휴식을 위해
53336728,20251112,M,50대,전라북도,700만원 이상,가족-지인 등과 시간을 보내기 위해,마음의 안정-휴식을 위해
53336741,20251112,M,50대,서울특별시,500이상700만원 미만,남는 시간을 보내기 위해,없음
53336774,20251112,F,20대,서울특별시,300이상500만원 미만,대인 관계-교제를 위해,남는 시간을 보내기 위해
53336824,20251112,F,60대,경기도,700만원 이상,자기 계발을 위해,가족-지인 등과 시간을 보내기 위해
53336827,20251112,F,60대,대구광역시,무응답,마음의 안정-휴식을 위해,스트레스 해소를 위해
53336860,20251112,F,20대,경기도,500이상700만원 미만,가족-지인 등과 시간을 보내기 위해,마음의 안정-휴식을 위해
53336868,20251112,M,50대,전라남도,500이상700만원 미만,마음의 안정-휴식을 위해,건강 관리를 위해
53336893,20251112,F,30대,경기도,무응답,자기만족-즐거움을 위해,가족-지인 등과 시간을 보내기 위해
53336905,20251112,M,40대,대구광역시,500이상700만원 미만,가족-지인 등과 시간을 보내기 위해,없음
53336974,20251112,F,60대,경기도,700만원 이상,마음의 안정-휴식을 위해,건강 관리를 위해
53337113,20251112,F,20대,서울특별시,무응답,건강 관리를 위해,자기 계발을 위해
53337250,20251112,M,60대,경기도,무응답,마음의 안정-휴식을 위해,자기 계발을 위해
53337367,20251112,F,50대,경기도,700만원 이상,남는 시간을 보내기 위해,자기만족-즐거움을 위해
53337391,20251112,M,50대,서울특별시,700만원 이상,건강 관리를 위해,가족-지인 등과 시간을 보내기 위해
53337804,20251112,F,60대,경상북도,300만원 미만,가족-지인 등과 시간을 보내기 위해,마음의 안정-휴식을 위해
53337819,20251112,M,30대,서울특별시,300이상500만원 미만,대인 관계-교제를 위해,건강 관리를 위해
53337821,20251112,F,20대,부산광역시,무응답,마음의 안정-휴식을 위해,스트레스 해소를 위해
53338419,20251112,F,60대,충청북도,300만원 미만,가족-지인 등과 시간을 보내기 위해,대인 관계-교제를 위해
53338460,20251112,F,40대,경기도,무응답,가족-지인 등과 시간을 보내기 위해,마음의 안정-휴식을 위해
53338568,20251112,M,50대,경기도,700만원 이상,남는 시간을 보내기 위해,가족-지인 등과 시간을 보내기 위해
53338573,20251112,F,50대,서울특별시,500이상700만원 미만,자기만족-즐거움을 위해,대인 관계-교제를 위해
53338767,20251112,M,50대,대전광역시,300이상500만원 미만,마음의 안정-휴식을 위해,건강 관리를 위해
53338900,20251112,M,60대,대전광역시,무응답,자기만족-즐거움을 위해,가족-지인 등과 시간을 보내기 위해
53338964,20251112,F,20대,울산광역시,700만원 이상,마음의 안정-휴식을 위해,대인 관계-교제를 위해
53338971,20251112,M,50대,서울특별시,무응답,가족-지인 등과 시간을 보내기 위해,없음
53338991,20251112,F,30대,경상남도,무응답,스트레스 해소를 위해,가족-지인 등과 시간을 보내기 위해
53339179,20251112,M,30대,서울특별시,무응답,마음의 안정-휴식을 위해,자기만족-즐거움을 위해
53339296,20251112,M,40대,서울특별시,300이상500만원 미만,마음의 안정-휴식을 위해,없음
53339503,20251112,F,50대,강원도,500이상700만원 미만,가족-지인 등과 시간을 보내기 위해,자기만족-즐거움을 위해
53339508,20251112,F,50대,광주광역시,500이상700만원 미만,대인 관계-교제를 위해,건강 관리를 위해
53339576,20251112,M,50대,충청남도,무응답,마음의 안정-휴식을 위해,자기만족-즐거움을 위해
53339993,20251112,F,50대,강원도,700만원 이상,건강 관리를 위해,마음의 안정-휴식을 위해
53340140,20251112,F,40대,인천광역시,300만원 미만,마음의 안정-휴식을 위해,자기만족-즐거움을 위해
53340254,20251112,F,40대,충청남도,700만원 이상,가족-지인 등과 시간을 보내기 위해,건강 관리를 위해
53340334,20251112,M,40대,경기도,300이상500만원 미만,건강 관리를 위해,스트레스 해소를 위해
53340372,20251112,F,50대,인천광역시,700만원 이상,가족-지인 등과 시간을 보내기 위해,마음의 안정-휴식을 위해
53340774,20251112,F,30대,충청북도,700만원 이상,건강 관리를 위해,자기 계발을 위해
53341106,20251112,M,50대,서울특별시,500이상700만원 미만,가족-지인 등과 시간을 보내기 위해,자기만족-즐거움을 위해
53341176,20251112,M,40대,서울특별시,무응답,마음의 안정-휴식을 위해,자기만족-즐거움을 위해
53341189,20251112,F,60대,경기도,무응답,스트레스 해소를 위해,대인 관계-교제를 위해
53341215,20251112,F,60대,경기도,700만원 이상,자기만족-즐거움을 위해,건강 관리를 위해
53341329,20251112,M,60대,서울특별시,무응답,스트레스 해소를 위해,자기 계발을 위해
53341691,20251112,F,40대,제주특별자치도,무응답,가족-지인 등과 시간을 보내기 위해,자기만족-즐거움을 위해
53341807,20251112,F,50대,경기도,500이상700만원 미만,마음의 안정-휴식을 위해,스트레스 해소를 위해
53341860,20251112,M,60대,경기도,무응답,가족-지인 등과 시간을 보내기 위해,건강 관리를 위해
53342169,20251112,F,60대,경기도,300이상500만원 미만,자기 계발을 위해,건강 관리를 위해
53342403,20251112,M,40대,서울특별시,무응답,자기만족-즐거움을 위해,마음의 안정-휴식을 위해
53342452,20251112,F,50대,경기도,700만원 이상,가족-지인 등과 시간을 보내기 위해,남는 시간을 보내기 위해
53342557,20251112,F,30대,전라남도,무응답,자기만족-즐거움을 위해,스트레스 해소를 위해
53342688,20251112,M,60대,강원도,500이상700만원 미만,건강 관리를 위해,남는 시간을 보내기 위해
53342871,20251112,F,50대,충청남도,무응답,자기만족-즐거움을 위해,가족-지인 등과 시간을 보내기 위해
53343119,20251112,F,50대,경기도,무응답,자기만족-즐거움을 위해,마음의 안정-휴식을 위해
53343273,20251112,F,50대,서울특별시,무응답,마음의 안정-휴식을 위해,자기만족-즐거움을 위해
53343309,20251112,M,40대,경기도,700만원 이상,남는 시간을 보내기 위해,가족-지인 등과 시간을 보내기 위해
53343359,20251112,F,40대,인천광역시,무응답,마음의 안정-휴식을 위해,자기만족-즐거움을 위해
53343400,20251112,F,30대,경기도,무응답,자기만족-즐거움을 위해,마음의 안정-휴식을 위해
53343449,20251112,M,30대,서울특별시,무응답,건강 관리를 위해,대인 관계-교제를 위해
53343510,20251112,M,60대,경상남도,무응답,남는 시간을 보내기 위해,마음의 안정-휴식을 위해
53343750,20251112,F,30대,경기도,무응답,마음의 안정-휴식을 위해,자기만족-즐거움을 위해
53343787,20251112,F,40대,부산광역시,700만원 이상,마음의 안정-휴식을 위해,없음
53343809,20251112,F,50대,경기도,300이상500만원 미만,가족-지인 등과 시간을 보내기 위해,자기만족-즐거움을 위해
53343864,20251112,M,40대,충청북도,무응답,마음의 안정-휴식을 위해,자기만족-즐거움을 위해
53343877,20251112,M,30대,충청북도,무응답,스트레스 해소를 위해,자기 계발을 위해
53343930,20251112,F,20대,대전광역시,무응답,스트레스 해소를 위해,자기만족-즐거움을 위해
53343951,20251112,F,30대,인천광역시,500이상700만원 미만,가족-지인 등과 시간을 보내기 위해,스트레스 해소를 위해
53344005,20251112,F,20대,서울특별시,무응답,자기만족-즐거움을 위해,대인 관계-교제를 위해
53344082,20251112,M,50대,부산광역시,700만원 이상,마음의 안정-휴식을 위해,가족-지인 등과 시간을 보내기 위해
53344786,20251112,M,60대,서울특별시,300이상500만원 미만,자기 계발을 위해,마음의 안정-휴식을 위해
53345209,20251112,M,60대,경기도,300만원 미만,마음의 안정-휴식을 위해,자기 계발을 위해
53345219,20251112,F,50대,서울특별시,무응답,건강 관리를 위해,마음의 안정-휴식을 위해
53345362,20251112,M,50대,광주광역시,무응답,마음의 안정-휴식을 위해,스트레스 해소를 위해
53345566,20251112,M,60대,인천광역시,700만원 이상,자기만족-즐거움을 위해,건강 관리를 위해
53345635,20251112,F,60대,경기도,무응답,가족-지인 등과 시간을 보내기 위해,마음의 안정-휴식을 위해
53345668,20251112,M,60대,인천광역시,500이상700만원 미만,자기만족-즐거움을 위해,기타
53345766,20251112,F,30대,전라남도,무응답,마음의 안정-휴식을 위해,자기만족-즐거움을 위해
53345876,20251112,F,40대,경상남도,700만원 이상,가족-지인 등과 시간을 보내기 위해,마음의 안정-휴식을 위해
53346524,20251112,M,30대,충청남도,무응답,가족-지인 등과 시간을 보내기 위해,스트레스 해소를 위해
53346790,20251112,F,40대,경기도,300이상500만원 미만,마음의 안정-휴식을 위해,자기만족-즐거움을 위해
53346845,20251112,M,50대,대전광역시,무응답,자기 계발을 위해,대인 관계-교제를 위해
53346874,20251112,M,50대,인천광역시,500이상700만원 미만,가족-지인 등과 시간을 보내기 위해,대인 관계-교제를 위해
53347306,20251112,F,30대,경상남도,300이상500만원 미만,남는 시간을 보내기 위해,자기 계발을 위해
53347428,20251112,M,30대,부산광역시,500이상700만원 미만,마음의 안정-휴식을 위해,가족-지인 등과 시간을 보내기 위해
53347430,20251112,F,50대,경기도,500이상700만원 미만,마음의 안정-휴식을 위해,자기만족-즐거움을 위해
53347438,20251112,M,30대,서울특별시,무응답,건강 관리를 위해,마음의 안정-휴식을 위해
53347483,20251112,F,50대,경상남도,500이상700만원 미만,건강 관리를 위해,가족-지인 등과 시간을 보내기 위해
53347574,20251112,M,40대,부산광역시,300이상500만원 미만,가족-지인 등과 시간을 보내기 위해,마음의 안정-휴식을 위해
53347977,20251112,F,50대,경기도,무응답,자기만족-즐거움을 위해,마음의 안정-휴식을 위해
53347990,20251112,M,40대,서울특별시,700만원 이상,자기만족-즐거움을 위해,가족-지인 등과 시간을 보내기 위해
53348234,20251112,F,40대,서울특별시,700만원 이상,가족-지인 등과 시간을 보내기 위해,마음의 안정-휴식을 위해
53348298,20251112,M,50대,경상북도,500이상700만원 미만,마음의 안정-휴식을 위해,가족-지인 등과 시간을 보내기 위해
53348643,20251112,F,40대,대구광역시,300이상500만원 미만,스트레스 해소를 위해,자기만족-즐거움을 위해
53348681,20251112,M,50대,전라남도,무응답,자기만족-즐거움을 위해,건강 관리를 위해
53348771,20251112,F,50대,서울특별시,300이상500만원 미만,마음의 안정-휴식을 위해,가족-지인 등과 시간을 보내기 위해
53348913,20251112,M,60대,경기도,300만원 미만,마음의 안정-휴식을 위해,건강 관리를 위해
53349023,20251112,F,60대,경기도,무응답,자기만족-즐거움을 위해,마음의 안정-휴식을 위해
53349048,20251112,M,40대,경상북도,무응답,가족-지인 등과 시간을 보내기 위해,자기만족-즐거움을 위해
53349180,20251112,F,30대,서울특별시,무응답,자기만족-즐거움을 위해,남는 시간을 보내기 위해
53349212,20251112,M,20대,대전광역시,무응답,스트레스 해소를 위해,자기만족-즐거움을 위해
53349220,20251112,M,50대,서울특별시,300이상500만원 미만,건강 관리를 위해,자기 계발을 위해
53349342,20251112,F,20대,부산광역시,700만원 이상,마음의 안정-휴식을 위해,스트레스 해소를 위해
53349395,20251112,F,60대,부산광역시,700만원 이상,건강 관리를 위해,자기만족-즐거움을 위해
53349418,20251112,F,40대,서울특별시,700만원 이상,마음의 안정-휴식을 위해,자기만족-즐거움을 위해
53349533,20251112,F,60대,경기도,700만원 이상,가족-지인 등과 시간을 보내기 위해,건강 관리를 위해
53349648,20251112,F,60대,경상남도,무응답,자기만족-즐거움을 위해,가족-지인 등과 시간을 보내기 위해
53349736,20251112,M,40대,울산광역시,무응답,가족-지인 등과 시간을 보내기 위해,스트레스 해소를 위해
53349948,20251112,F,40대,대구광역시,300만원 미만,마음의 안정-휴식을 위해,건강 관리를 위해
53349994,20251112,M,30대,인천광역시,무응답,자기만족-즐거움을 위해,스트레스 해소를 위해
53350042,20251112,F,20대,경상남도,무응답,마음의 안정-휴식을 위해,스트레스 해소를 위해
53350073,20251112,F,60대,인천광역시,무응답,자기 계발을 위해,스트레스 해소를 위해
53350336,20251112,F,50대,울산광역시,700만원 이상,스트레스 해소를 위해,마음의 안정-휴식을 위해
53350439,20251112,M,50대,강원도,무응답,자기 계발을 위해,건강 관리를 위해
53350665,20251112,F,50대,광주광역시,700만원 이상,자기 계발을 위해,자기만족-즐거움을 위해
53350684,20251112,F,40대,경기도,무응답,마음의 안정-휴식을 위해,자기만족-즐거움을 위해
53351030,20251112,F,60대,경기도,700만원 이상,마음의 안정-휴식을 위해,건강 관리를 위해
53351173,20251112,M,60대,광주광역시,500이상700만원 미만,가족-지인 등과 시간을 보내기 위해,마음의 안정-휴식을 위해
53351190,20251112,F,40대,경기도,500이상700만원 미만,대인 관계-교제를 위해,건강 관리를 위해
53351229,20251112,F,50대,충청북도,무응답,마음의 안정-휴식을 위해,가족-지인 등과 시간을 보내기 위해
53351290,20251112,F,50대,서울특별시,500이상700만원 미만,스트레스 해소를 위해,자기만족-즐거움을 위해
53351550,20251112,M,50대,충청남도,700만원 이상,자기만족-즐거움을 위해,마음의 안정-휴식을 위해
53351892,20251112,M,60대,경상남도,500이상700만원 미만,스트레스 해소를 위해,자기만족-즐거움을 위해
53351893,20251112,F,60대,전라북도,300만원 미만,자기 계발을 위해,자기만족-즐거움을 위해
53351908,20251112,F,50대,대전광역시,300이상500만원 미만,마음의 안정-휴식을 위해,자기만족-즐거움을 위해
53351989,20251112,M,40대,제주특별자치도,700만원 이상,가족-지인 등과 시간을 보내기 위해,자기만족-즐거움을 위해
53352194,20251112,F,40대,경상북도,300이상500만원 미만,가족-지인 등과 시간을 보내기 위해,마음의 안정-휴식을 위해
53352195,20251112,F,40대,부산광역시,무응답,스트레스 해소를 위해,마음의 안정-휴식을 위해
53352311,20251112,M,40대,대구광역시,700만원 이상,대인 관계-교제를 위해,가족-지인 등과 시간을 보내기 위해
53352350,20251112,M,50대,경기도,무응답,가족-지인 등과 시간을 보내기 위해,마음의 안정-휴식을 위해
53352551,20251112,M,60대,서울특별시,300이상500만원 미만,자기만족-즐거움을 위해,마음의 안정-휴식을 위해
53352615,20251112,F,60대,서울특별시,무응답,자기 계발을 위해,건강 관리를 위해
53352624,20251112,F,60대,경기도,무응답,건강 관리를 위해,자기만족-즐거움을 위해
53352672,20251112,F,60대,대전광역시,무응답,자기 계발을 위해,건강 관리를 위해
53352733,20251112,F,30대,부산광역시,500이상700만원 미만,자기만족-즐거움을 위해,스트레스 해소를 위해
53352908,20251112,F,50대,서울특별시,500이상700만원 미만,건강 관리를 위해,가족-지인 등과 시간을 보내기 위해
53352920,20251112,M,50대,경기도,300이상500만원 미만,자기만족-즐거움을 위해,남는 시간을 보내기 위해
53353106,20251112,M,60대,충청남도,무응답,가족-지인 등과 시간을 보내기 위해,자기 계발을 위해
53353419,20251112,M,50대,부산광역시,무응답,자기만족-즐거움을 위해,스트레스 해소를 위해
53353572,20251112,F,30대,전라남도,무응답,가족-지인 등과 시간을 보내기 위해,스트레스 해소를 위해
53353702,20251112,M,60대,대구광역시,500이상700만원 미만,대인 관계-교제를 위해,가족-지인 등과 시간을 보내기 위해
53353770,20251112,M,60대,경기도,무응답,자기만족-즐거움을 위해,가족-지인 등과 시간을 보내기 위해
53353799,20251112,M,50대,경상남도,300만원 미만,가족-지인 등과 시간을 보내기 위해,건강 관리를 위해
53353930,20251112,M,50대,부산광역시,무응답,스트레스 해소를 위해,자기만족-즐거움을 위해
53354228,20251112,M,20대,광주광역시,무응답,스트레스 해소를 위해,건강 관리를 위해
53354480,20251112,M,20대,경기도,무응답,대인 관계-교제를 위해,스트레스 해소를 위해
53354534,20251112,M,50대,인천광역시,300만원 미만,스트레스 해소를 위해,가족-지인 등과 시간을 보내기 위해
53354588,20251112,M,40대,광주광역시,700만원 이상,마음의 안정-휴식을 위해,자기만족-즐거움을 위해
53354752,20251112,M,30대,경기도,300이상500만원 미만,건강 관리를 위해,마음의 안정-휴식을 위해
53354760,20251112,F,30대,전라북도,무응답,마음의 안정-휴식을 위해,자기만족-즐거움을 위해
53354786,20251112,M,20대,울산광역시,700만원 이상,스트레스 해소를 위해,자기만족-즐거움을 위해
53354892,20251112,F,40대,서울특별시,700만원 이상,자기만족-즐거움을 위해,마음의 안정-휴식을 위해
53354898,20251112,M,40대,부산광역시,500이상700만원 미만,마음의 안정-휴식을 위해,가족-지인 등과 시간을 보내기 위해
53355360,20251112,F,40대,경기도,무응답,건강 관리를 위해,자기만족-즐거움을 위해
53355758,20251112,F,50대,서울특별시,700만원 이상,자기 계발을 위해,가족-지인 등과 시간을 보내기 위해
53355839,20251112,F,60대,경기도,700만원 이상,마음의 안정-휴식을 위해,가족-지인 등과 시간을 보내기 위해
53355910,20251112,F,60대,경상남도,500이상700만원 미만,마음의 안정-휴식을 위해,건강 관리를 위해
53356303,20251112,F,40대,경상남도,300이상500만원 미만,자기만족-즐거움을 위해,가족-지인 등과 시간을 보내기 위해
53356413,20251112,M,30대,서울특별시,300이상500만원 미만,가족-지인 등과 시간을 보내기 위해,대인 관계-교제를 위해
53356420,20251112,F,40대,광주광역시,300만원 미만,마음의 안정-휴식을 위해,스트레스 해소를 위해
53356449,20251112,F,30대,대전광역시,무응답,자기 계발을 위해,건강 관리를 위해
53356896,20251112,M,40대,부산광역시,300이상500만원 미만,마음의 안정-휴식을 위해,스트레스 해소를 위해
53357043,20251112,M,60대,경기도,500이상700만원 미만,마음의 안정-휴식을 위해,자기만족-즐거움을 위해
53357135,20251112,M,60대,서울특별시,500이상700만원 미만,자기 계발을 위해,가족-지인 등과 시간을 보내기 위해
53357161,20251112,F,30대,경기도,500이상700만원 미만,마음의 안정-휴식을 위해,스트레스 해소를 위해
53357176,20251112,F,30대,전라북도,무응답,마음의 안정-휴식을 위해,남는 시간을 보내기 위해
53357414,20251112,F,40대,전라남도,700만원 이상,가족-지인 등과 시간을 보내기 위해,자기만족-즐거움을 위해
53357475,20251112,F,50대,경상북도,500이상700만원 미만,가족-지인 등과 시간을 보내기 위해,마음의 안정-휴식을 위해
53357493,20251112,M,60대,충청남도,500이상700만원 미만,가족-지인 등과 시간을 보내기 위해,대인 관계-교제를 위해
53357709,20251112,F,20대,대전광역시,무응답,가족-지인 등과 시간을 보내기 위해,마음의 안정-휴식을 위해
53357889,20251112,M,40대,대구광역시,무응답,자기만족-즐거움을 위해,스트레스 해소를 위해
53358114,20251112,F,50대,인천광역시,무응답,대인 관계-교제를 위해,자기 계발을 위해
53358277,20251112,M,60대,경기도,500이상700만원 미만,가족-지인 등과 시간을 보내기 위해,자기만족-즐거움을 위해
53358501,20251112,F,40대,경기도,500이상700만원 미만,스트레스 해소를 위해,마음의 안정-휴식을 위해
53358510,20251112,M,50대,경상북도,무응답,자기만족-즐거움을 위해,가족-지인 등과 시간을 보내기 위해
53358527,20251112,F,60대,부산광역시,무응답,스트레스 해소를 위해,자기만족-즐거움을 위해
53358548,20251112,F,50대,충청북도,500이상700만원 미만,마음의 안정-휴식을 위해,자기만족-즐거움을 위해
53358711,20251112,F,40대,경상남도,500이상700만원 미만,자기만족-즐거움을 위해,스트레스 해소를 위해
53358755,20251112,F,40대,충청남도,300만원 미만,스트레스 해소를 위해,가족-지인 등과 시간을 보내기 위해
53358823,20251112,F,40대,서울특별시,무응답,마음의 안정-휴식을 위해,가족-지인 등과 시간을 보내기 위해
53358841,20251112,F,60대,경기도,300만원 미만,건강 관리를 위해,마음의 안정-휴식을 위해
53359011,20251112,F,50대,인천광역시,무응답,마음의 안정-휴식을 위해,자기만족-즐거움을 위해
53359075,20251112,M,20대,강원도,무응답,스트레스 해소를 위해,마음의 안정-휴식을 위해
53359185,20251112,M,50대,인천광역시,500이상700만원 미만,가족-지인 등과 시간을 보내기 위해,자기 계발을 위해
53359212,20251112,M,40대,울산광역시,500이상700만원 미만,가족-지인 등과 시간을 보내기 위해,자기 계발을 위해
53359531,20251112,M,20대,서울특별시,무응답,남는 시간을 보내기 위해,없음
53359800,20251112,F,20대,서울특별시,무응답,마음의 안정-휴식을 위해,스트레스 해소를 위해
53359818,20251112,M,50대,부산광역시,무응답,마음의 안정-휴식을 위해,자기만족-즐거움을 위해
53360188,20251112,M,50대,대구광역시,500이상700만원 미만,마음의 안정-휴식을 위해,가족-지인 등과 시간을 보내기 위해
53360358,20251112,M,20대,부산광역시,무응답,대인 관계-교제를 위해,마음의 안정-휴식을 위해
53360528,20251112,M,40대,경상북도,무응답,대인 관계-교제를 위해,스트레스 해소를 위해
53360533,20251112,M,50대,경기도,700만원 이상,남는 시간을 보내기 위해,자기만족-즐거움을 위해
53360759,20251112,F,30대,경기도,500이상700만원 미만,자기 계발을 위해,마음의 안정-휴식을 위해
53360952,20251112,M,50대,서울특별시,300만원 미만,건강 관리를 위해,자기만족-즐거움을 위해
53361015,20251112,F,20대,서울특별시,무응답,자기 계발을 위해,건강 관리를 위해
53361043,20251112,M,30대,대구광역시,무응답,대인 관계-교제를 위해,마음의 안정-휴식을 위해
53361126,20251112,F,60대,인천광역시,700만원 이상,자기만족-즐거움을 위해,건강 관리를 위해
53361197,20251112,M,50대,서울특별시,무응답,스트레스 해소를 위해,자기만족-즐거움을 위해
53361462,20251112,M,30대,강원도,무응답,자기만족-즐거움을 위해,자기 계발을 위해
53361862,20251112,M,20대,서울특별시,무응답,자기만족-즐거움을 위해,가족-지인 등과 시간을 보내기 위해
53361863,20251112,M,50대,경기도,500이상700만원 미만,마음의 안정-휴식을 위해,대인 관계-교제를 위해
53361966,20251112,F,20대,경기도,300이상500만원 미만,마음의 안정-휴식을 위해,스트레스 해소를 위해
53361969,20251112,F,40대,충청북도,무응답,마음의 안정-휴식을 위해,가족-지인 등과 시간을 보내기 위해
53361997,20251112,F,40대,경기도,무응답,자기만족-즐거움을 위해,마음의 안정-휴식을 위해
53362134,20251112,M,60대,경상북도,700만원 이상,마음의 안정-휴식을 위해,대인 관계-교제를 위해
53362160,20251112,M,50대,서울특별시,300만원 미만,마음의 안정-휴식을 위해,대인 관계-교제를 위해
53362264,20251112,M,20대,대전광역시,무응답,마음의 안정-휴식을 위해,스트레스 해소를 위해
53362273,20251112,F,50대,충청북도,무응답,마음의 안정-휴식을 위해,건강 관리를 위해
53362373,20251112,F,60대,충청남도,700만원 이상,자기만족-즐거움을 위해,가족-지인 등과 시간을 보내기 위해
53362820,20251112,F,60대,경상북도,무응답,자기만족-즐거움을 위해,가족-지인 등과 시간을 보내기 위해
53362879,20251112,F,40대,서울특별시,무응답,가족-지인 등과 시간을 보내기 위해,대인 관계-교제를 위해
53362904,20251112,F,30대,서울특별시,무응답,마음의 안정-휴식을 위해,스트레스 해소를 위해
53362915,20251112,F,30대,서울특별시,무응답,스트레스 해소를 위해,자기만족-즐거움을 위해
53363078,20251112,F,30대,전라북도,300이상500만원 미만,스트레스 해소를 위해,자기만족-즐거움을 위해
53363139,20251112,F,30대,경기도,무응답,스트레스 해소를 위해,마음의 안정-휴식을 위해
53363333,20251112,M,50대,서울특별시,700만원 이상,자기만족-즐거움을 위해,남는 시간을 보내기 위해
53363634,20251112,M,40대,경기도,500이상700만원 미만,자기만족-즐거움을 위해,마음의 안정-휴식을 위해
53364043,20251112,F,60대,전라남도,300만원 미만,마음의 안정-휴식을 위해,대인 관계-교제를 위해
53364051,20251112,M,60대,대구광역시,300만원 미만,가족-지인 등과 시간을 보내기 위해,건강 관리를 위해
53364089,20251112,F,60대,경기도,300이상500만원 미만,건강 관리를 위해,가족-지인 등과 시간을 보내기 위해
53364110,20251112,M,30대,경기도,무응답,자기 계발을 위해,가족-지인 등과 시간을 보내기 위해
53364114,20251112,M,40대,경기도,무응답,마음의 안정-휴식을 위해,스트레스 해소를 위해
53364158,20251112,M,60대,경기도,무응답,가족-지인 등과 시간을 보내기 위해,건강 관리를 위해
53364259,20251112,M,60대,경기도,300이상500만원 미만,가족-지인 등과 시간을 보내기 위해,건강 관리를 위해
53364422,20251112,M,50대,인천광역시,무응답,스트레스 해소를 위해,자기만족-즐거움을 위해
53364779,20251112,F,40대,경기도,무응답,마음의 안정-휴식을 위해,남는 시간을 보내기 위해
53364780,20251112,F,60대,경기도,700만원 이상,자기 계발을 위해,마음의 안정-휴식을 위해
53364794,20251112,F,20대,서울특별시,무응답,마음의 안정-휴식을 위해,스트레스 해소를 위해
53364800,20251112,F,30대,전라북도,500이상700만원 미만,마음의 안정-휴식을 위해,스트레스 해소를 위해
53365373,20251112,F,50대,부산광역시,무응답,마음의 안정-휴식을 위해,자기만족-즐거움을 위해
53365792,20251112,F,30대,전라남도,무응답,가족-지인 등과 시간을 보내기 위해,스트레스 해소를 위해
53366292,20251112,M,60대,경기도,500이상700만원 미만,건강 관리를 위해,가족-지인 등과 시간을 보내기 위해
53366506,20251112,F,30대,경상북도,500이상700만원 미만,마음의 안정-휴식을 위해,남는 시간을 보내기 위해
53366777,20251112,F,30대,경상남도,무응답,마음의 안정-휴식을 위해,자기만족-즐거움을 위해
53366813,20251112,M,50대,경기도,700만원 이상,건강 관리를 위해,가족-지인 등과 시간을 보내기 위해
53366856,20251112,M,20대,경기도,무응답,건강 관리를 위해,대인 관계-교제를 위해
53367060,20251112,F,50대,부산광역시,300만원 미만,마음의 안정-휴식을 위해,자기만족-즐거움을 위해
53367340,20251112,F,60대,충청북도,300만원 미만,자기 계발을 위해,자기만족-즐거움을 위해
53367384,20251112,F,50대,충청남도,700만원 이상,자기만족-즐거움을 위해,마음의 안정-휴식을 위해
53367785,20251112,F,50대,서울특별시,500이상700만원 미만,마음의 안정-휴식을 위해,스트레스 해소를 위해
53367859,20251112,M,40대,서울특별시,무응답,가족-지인 등과 시간을 보내기 위해,마음의 안정-휴식을 위해
53367914,20251112,M,40대,경기도,무응답,자기만족-즐거움을 위해,자기 계발을 위해
53367990,20251112,M,60대,대전광역시,700만원 이상,자기 계발을 위해,자기만족-즐거움을 위해
53368026,20251112,F,60대,울산광역시,무응답,자기만족-즐거움을 위해,건강 관리를 위해
53368116,20251112,F,60대,경기도,무응답,자기만족-즐거움을 위해,마음의 안정-휴식을 위해
53368589,20251112,F,50대,경상남도,무응답,자기만족-즐거움을 위해,남는 시간을 보내기 위해
53368798,20251112,M,40대,충청북도,500이상700만원 미만,마음의 안정-휴식을 위해,가족-지인 등과 시간을 보내기 위해
53369005,20251112,F,50대,인천광역시,700만원 이상,자기만족-즐거움을 위해,스트레스 해소를 위해
53369478,20251112,M,60대,서울특별시,700만원 이상,건강 관리를 위해,가족-지인 등과 시간을 보내기 위해
53369881,20251112,F,40대,전라북도,500이상700만원 미만,건강 관리를 위해,없음
53369901,20251112,M,30대,대전광역시,무응답,가족-지인 등과 시간을 보내기 위해,건강 관리를 위해
53370083,20251112,M,30대,충청북도,700만원 이상,자기만족-즐거움을 위해,마음의 안정-휴식을 위해
53370239,20251112,F,40대,경기도,700만원 이상,스트레스 해소를 위해,마음의 안정-휴식을 위해
53370241,20251112,M,40대,서울특별시,500이상700만원 미만,가족-지인 등과 시간을 보내기 위해,자기만족-즐거움을 위해
53370321,20251112,M,40대,서울특별시,500이상700만원 미만,스트레스 해소를 위해,자기만족-즐거움을 위해
53370771,20251112,F,50대,부산광역시,700만원 이상,마음의 안정-휴식을 위해,건강 관리를 위해
53370803,20251112,M,40대,부산광역시,500이상700만원 미만,마음의 안정-휴식을 위해,가족-지인 등과 시간을 보내기 위해
53370818,20251112,F,50대,서울특별시,700만원 이상,마음의 안정-휴식을 위해,자기만족-즐거움을 위해
53371046,20251112,M,60대,경기도,300만원 미만,자기만족-즐거움을 위해,가족-지인 등과 시간을 보내기 위해
53371462,20251112,F,40대,전라북도,500이상700만원 미만,가족-지인 등과 시간을 보내기 위해,스트레스 해소를 위해
53371559,20251112,M,50대,서울특별시,700만원 이상,자기만족-즐거움을 위해,가족-지인 등과 시간을 보내기 위해
53371574,20251112,F,50대,서울특별시,500이상700만원 미만,마음의 안정-휴식을 위해,가족-지인 등과 시간을 보내기 위해
53371695,20251112,M,40대,울산광역시,500이상700만원 미만,자기 계발을 위해,마음의 안정-휴식을 위해
53371760,20251112,F,60대,경기도,300이상500만원 미만,건강 관리를 위해,마음의 안정-휴식을 위해
53372093,20251112,M,50대,대구광역시,500이상700만원 미만,자기만족-즐거움을 위해,대인 관계-교제를 위해
53372195,20251112,M,60대,경상남도,700만원 이상,자기만족-즐거움을 위해,건강 관리를 위해
53372336,20251112,F,60대,부산광역시,500이상700만원 미만,자기만족-즐거움을 위해,건강 관리를 위해
53372433,20251112,F,20대,충청남도,무응답,자기만족-즐거움을 위해,마음의 안정-휴식을 위해
53372484,20251112,F,40대,경기도,500이상700만원 미만,가족-지인 등과 시간을 보내기 위해,자기만족-즐거움을 위해
53372534,20251112,F,30대,경기도,700만원 이상,가족-지인 등과 시간을 보내기 위해,남는 시간을 보내기 위해
53372991,20251112,M,60대,부산광역시,무응답,건강 관리를 위해,가족-지인 등과 시간을 보내기 위해
53373089,20251112,M,40대,경상북도,700만원 이상,자기만족-즐거움을 위해,자기 계발을 위해
53373247,20251112,M,50대,인천광역시,700만원 이상,가족-지인 등과 시간을 보내기 위해,대인 관계-교제를 위해
53373311,20251112,F,50대,서울특별시,700만원 이상,마음의 안정-휴식을 위해,건강 관리를 위해
53373380,20251112,F,50대,경기도,300이상500만원 미만,마음의 안정-휴식을 위해,자기만족-즐거움을 위해
53373662,20251112,M,50대,강원도,무응답,마음의 안정-휴식을 위해,자기만족-즐거움을 위해
53373797,20251112,M,40대,경상남도,무응답,가족-지인 등과 시간을 보내기 위해,마음의 안정-휴식을 위해
53373829,20251112,M,60대,강원도,무응답,자기 계발을 위해,대인 관계-교제를 위해
53373836,20251112,M,60대,경기도,500이상700만원 미만,자기만족-즐거움을 위해,건강 관리를 위해
53373923,20251112,M,50대,인천광역시,700만원 이상,가족-지인 등과 시간을 보내기 위해,마음의 안정-휴식을 위해
53374031,20251112,M,40대,서울특별시,700만원 이상,마음의 안정-휴식을 위해,대인 관계-교제를 위해
53374109,20251112,M,60대,경기도,700만원 이상,마음의 안정-휴식을 위해,자기만족-즐거움을 위해
53374213,20251112,F,60대,경기도,700만원 이상,자기만족-즐거움을 위해,마음의 안정-휴식을 위해
53374270,20251112,F,60대,서울특별시,무응답,마음의 안정-휴식을 위해,건강 관리를 위해
53374654,20251112,M,40대,광주광역시,300이상500만원 미만,자기만족-즐거움을 위해,남는 시간을 보내기 위해
53375189,20251112,F,50대,충청북도,무응답,가족-지인 등과 시간을 보내기 위해,마음의 안정-휴식을 위해
53375644,20251112,M,50대,경상남도,500이상700만원 미만,마음의 안정-휴식을 위해,대인 관계-교제를 위해
53375667,20251112,F,60대,경기도,300이상500만원 미만,가족-지인 등과 시간을 보내기 위해,건강 관리를 위해
53375827,20251112,M,40대,부산광역시,300이상500만원 미만,건강 관리를 위해,마음의 안정-휴식을 위해
53376604,20251112,F,50대,서울특별시,700만원 이상,가족-지인 등과 시간을 보내기 위해,건강 관리를 위해
53376612,20251112,F,40대,광주광역시,500이상700만원 미만,가족-지인 등과 시간을 보내기 위해,마음의 안정-휴식을 위해
53376627,20251112,F,60대,경기도,500이상700만원 미만,가족-지인 등과 시간을 보내기 위해,자기 계발을 위해
53376847,20251112,F,40대,전라북도,300이상500만원 미만,건강 관리를 위해,마음의 안정-휴식을 위해
53376857,20251112,M,50대,대구광역시,무응답,스트레스 해소를 위해,자기만족-즐거움을 위해
53376952,20251112,M,60대,경기도,무응답,가족-지인 등과 시간을 보내기 위해,마음의 안정-휴식을 위해
53377004,20251112,F,50대,부산광역시,700만원 이상,마음의 안정-휴식을 위해,가족-지인 등과 시간을 보내기 위해
53377342,20251112,F,60대,인천광역시,700만원 이상,자기만족-즐거움을 위해,대인 관계-교제를 위해
53377405,20251112,F,50대,경상북도,무응답,마음의 안정-휴식을 위해,자기만족-즐거움을 위해
7298,20251119,F,50대,경기도,500이상700만원 미만,스트레스 해소를 위해,자기만족-즐거움을 위해
103274,20251119,F,50대,경상북도,500이상700만원 미만,스트레스 해소를 위해,건강 관리를 위해
113581,20251119,M,30대,경상남도,300만원 미만,대인 관계-교제를 위해,남는 시간을 보내기 위해
172192,20251119,M,30대,경상남도,무응답,스트레스 해소를 위해,가족-지인 등과 시간을 보내기 위해
191227,20251119,F,40대,경기도,700만원 이상,가족-지인 등과 시간을 보내기 위해,마음의 안정-휴식을 위해
263504,20251119,F,40대,경기도,300이상500만원 미만,자기만족-즐거움을 위해,마음의 안정-휴식을 위해
275115,20251119,M,20대,경기도,700만원 이상,스트레스 해소를 위해,남는 시간을 보내기 위해
311873,20251119,F,60대,경기도,무응답,마음의 안정-휴식을 위해,남는 시간을 보내기 위해
314247,20251119,F,60대,경기도,300이상500만원 미만,마음의 안정-휴식을 위해,자기만족-즐거움을 위해
324324,20251119,F,40대,경기도,700만원 이상,가족-지인 등과 시간을 보내기 위해,자기 계발을 위해
337589,20251119,M,30대,서울특별시,500이상700만원 미만,자기만족-즐거움을 위해,스트레스 해소를 위해
348151,20251119,M,30대,서울특별시,무응답,가족-지인 등과 시간을 보내기 위해,자기만족-즐거움을 위해
349980,20251119,F,20대,인천광역시,무응답,스트레스 해소를 위해,자기만족-즐거움을 위해
350056,20251119,F,20대,경기도,무응답,남는 시간을 보내기 위해,자기만족-즐거움을 위해
351156,20251119,F,20대,대구광역시,무응답,마음의 안정-휴식을 위해,가족-지인 등과 시간을 보내기 위해
359285,20251119,M,30대,대구광역시,무응답,마음의 안정-휴식을 위해,자기만족-즐거움을 위해
365420,20251119,F,30대,인천광역시,300이상500만원 미만,마음의 안정-휴식을 위해,스트레스 해소를 위해
365835,20251119,F,20대,경상남도,무응답,스트레스 해소를 위해,자기만족-즐거움을 위해
366783,20251119,M,20대,경상남도,500이상700만원 미만,가족-지인 등과 시간을 보내기 위해,자기만족-즐거움을 위해
368740,20251119,M,20대,서울특별시,700만원 이상,자기 계발을 위해,자기만족-즐거움을 위해
379696,20251119,M,30대,대전광역시,무응답,스트레스 해소를 위해,대인 관계-교제를 위해
391638,20251119,F,20대,경기도,무응답,마음의 안정-휴식을 위해,스트레스 해소를 위해
391930,20251119,F,40대,경기도,무응답,스트레스 해소를 위해,대인 관계-교제를 위해
392838,20251119,M,30대,인천광역시,500이상700만원 미만,자기 계발을 위해,건강 관리를 위해
401948,20251119,F,20대,제주특별자치도,무응답,자기만족-즐거움을 위해,남는 시간을 보내기 위해
402680,20251119,F,20대,강원도,무응답,스트레스 해소를 위해,건강 관리를 위해
410829,20251119,M,20대,경기도,500이상700만원 미만,자기만족-즐거움을 위해,가족-지인 등과 시간을 보내기 위해
411226,20251119,M,30대,광주광역시,무응답,마음의 안정-휴식을 위해,스트레스 해소를 위해
411711,20251119,M,30대,광주광역시,300만원 미만,스트레스 해소를 위해,자기 계발을 위해
413131,20251119,M,30대,경기도,500이상700만원 미만,스트레스 해소를 위해,자기만족-즐거움을 위해
417468,20251119,M,30대,서울특별시,300만원 미만,자기만족-즐거움을 위해,대인 관계-교제를 위해
419786,20251119,F,40대,경기도,500이상700만원 미만,가족-지인 등과 시간을 보내기 위해,스트레스 해소를 위해
420159,20251119,F,60대,경상북도,700만원 이상,스트레스 해소를 위해,자기만족-즐거움을 위해
420642,20251119,F,20대,인천광역시,무응답,마음의 안정-휴식을 위해,스트레스 해소를 위해
421044,20251119,F,20대,충청남도,무응답,건강 관리를 위해,가족-지인 등과 시간을 보내기 위해
422334,20251119,F,60대,제주특별자치도,300이상500만원 미만,자기 계발을 위해,마음의 안정-휴식을 위해
422345,20251119,M,30대,서울특별시,700만원 이상,스트레스 해소를 위해,자기만족-즐거움을 위해
423995,20251119,M,20대,전라남도,300만원 미만,마음의 안정-휴식을 위해,자기만족-즐거움을 위해
424269,20251119,M,20대,경기도,무응답,가족-지인 등과 시간을 보내기 위해,스트레스 해소를 위해
425585,20251119,M,20대,제주특별자치도,무응답,자기 계발을 위해,대인 관계-교제를 위해
425637,20251119,F,20대,충청북도,무응답,스트레스 해소를 위해,자기만족-즐거움을 위해
425648,20251119,F,20대,전라북도,무응답,스트레스 해소를 위해,자기만족-즐거움을 위해
425732,20251119,M,20대,경기도,700만원 이상,자기만족-즐거움을 위해,마음의 안정-휴식을 위해
425777,20251119,M,20대,서울특별시,무응답,건강 관리를 위해,자기 계발을 위해
427132,20251119,M,20대,경기도,무응답,스트레스 해소를 위해,마음의 안정-휴식을 위해
429371,20251119,M,20대,경상북도,700만원 이상,자기만족-즐거움을 위해,가족-지인 등과 시간을 보내기 위해
429940,20251119,M,20대,충청북도,무응답,남는 시간을 보내기 위해,자기만족-즐거움을 위해
432869,20251119,M,20대,경상북도,무응답,마음의 안정-휴식을 위해,스트레스 해소를 위해
434348,20251119,M,20대,경기도,무응답,남는 시간을 보내기 위해,자기만족-즐거움을 위해
434481,20251119,F,20대,전라북도,무응답,마음의 안정-휴식을 위해,가족-지인 등과 시간을 보내기 위해
435555,20251119,M,20대,전라북도,무응답,대인 관계-교제를 위해,자기만족-즐거움을 위해
436126,20251119,M,20대,경기도,무응답,자기 계발을 위해,건강 관리를 위해
437153,20251119,F,50대,경기도,300만원 미만,가족-지인 등과 시간을 보내기 위해,마음의 안정-휴식을 위해
443599,20251119,M,20대,경기도,700만원 이상,자기만족-즐거움을 위해,남는 시간을 보내기 위해
444321,20251119,M,20대,강원도,무응답,마음의 안정-휴식을 위해,남는 시간을 보내기 위해
444609,20251119,F,20대,강원도,무응답,자기만족-즐거움을 위해,남는 시간을 보내기 위해
445012,20251119,F,30대,경기도,500이상700만원 미만,마음의 안정-휴식을 위해,남는 시간을 보내기 위해
446465,20251119,F,20대,전라북도,500이상700만원 미만,마음의 안정-휴식을 위해,스트레스 해소를 위해
454427,20251119,F,20대,충청북도,700만원 이상,자기만족-즐거움을 위해,가족-지인 등과 시간을 보내기 위해
454830,20251119,M,20대,전라북도,500이상700만원 미만,대인 관계-교제를 위해,자기만족-즐거움을 위해
456424,20251119,F,50대,경기도,500이상700만원 미만,남는 시간을 보내기 위해,가족-지인 등과 시간을 보내기 위해
457351,20251119,F,20대,인천광역시,무응답,자기만족-즐거움을 위해,스트레스 해소를 위해
457566,20251119,F,20대,전라남도,무응답,가족-지인 등과 시간을 보내기 위해,마음의 안정-휴식을 위해
457795,20251119,F,20대,대전광역시,300이상500만원 미만,마음의 안정-휴식을 위해,스트레스 해소를 위해
458182,20251119,M,20대,서울특별시,700만원 이상,마음의 안정-휴식을 위해,스트레스 해소를 위해
458234,20251119,F,20대,대전광역시,700만원 이상,자기만족-즐거움을 위해,스트레스 해소를 위해
458673,20251119,M,20대,경기도,무응답,자기만족-즐거움을 위해,마음의 안정-휴식을 위해
459747,20251119,M,20대,대구광역시,무응답,스트레스 해소를 위해,남는 시간을 보내기 위해
459927,20251119,M,20대,제주특별자치도,300만원 미만,자기만족-즐거움을 위해,마음의 안정-휴식을 위해
461997,20251119,F,20대,전라남도,무응답,대인 관계-교제를 위해,자기 계발을 위해
462198,20251119,M,20대,경기도,300만원 미만,자기만족-즐거움을 위해,스트레스 해소를 위해
463013,20251119,M,20대,광주광역시,700만원 이상,자기만족-즐거움을 위해,스트레스 해소를 위해
463268,20251119,M,20대,서울특별시,무응답,자기만족-즐거움을 위해,마음의 안정-휴식을 위해
463276,20251119,F,20대,대구광역시,무응답,마음의 안정-휴식을 위해,자기만족-즐거움을 위해
463679,20251119,F,20대,전라북도,무응답,자기만족-즐거움을 위해,스트레스 해소를 위해
464235,20251119,M,20대,경기도,무응답,마음의 안정-휴식을 위해,스트레스 해소를 위해
465516,20251119,M,20대,대구광역시,700만원 이상,남는 시간을 보내기 위해,스트레스 해소를 위해
467528,20251119,F,20대,대전광역시,무응답,자기만족-즐거움을 위해,자기 계발을 위해
468171,20251119,M,20대,서울특별시,무응답,자기만족-즐거움을 위해,마음의 안정-휴식을 위해
469755,20251119,M,20대,경기도,무응답,스트레스 해소를 위해,자기 계발을 위해
470417,20251119,F,20대,서울특별시,무응답,가족-지인 등과 시간을 보내기 위해,대인 관계-교제를 위해
470614,20251119,M,30대,경기도,700만원 이상,건강 관리를 위해,가족-지인 등과 시간을 보내기 위해
471195,20251119,M,20대,인천광역시,무응답,대인 관계-교제를 위해,스트레스 해소를 위해
471661,20251119,M,20대,충청남도,무응답,남는 시간을 보내기 위해,자기만족-즐거움을 위해
471779,20251119,M,20대,서울특별시,무응답,남는 시간을 보내기 위해,스트레스 해소를 위해
473330,20251119,M,30대,부산광역시,무응답,자기만족-즐거움을 위해,자기 계발을 위해
473485,20251119,M,30대,서울특별시,300이상500만원 미만,스트레스 해소를 위해,건강 관리를 위해
474924,20251119,M,20대,경상북도,무응답,마음의 안정-휴식을 위해,자기만족-즐거움을 위해
475037,20251119,M,20대,경상남도,300이상500만원 미만,스트레스 해소를 위해,자기만족-즐거움을 위해
478621,20251119,M,20대,경기도,무응답,마음의 안정-휴식을 위해,스트레스 해소를 위해
480538,20251119,F,20대,강원도,무응답,마음의 안정-휴식을 위해,가족-지인 등과 시간을 보내기 위해
481142,20251119,M,20대,경기도,500이상700만원 미만,마음의 안정-휴식을 위해,자기 계발을 위해
481788,20251119,M,20대,경기도,500이상700만원 미만,가족-지인 등과 시간을 보내기 위해,남는 시간을 보내기 위해
482401,20251119,M,20대,경기도,500이상700만원 미만,마음의 안정-휴식을 위해,스트레스 해소를 위해
484310,20251119,F,20대,충청북도,700만원 이상,마음의 안정-휴식을 위해,스트레스 해소를 위해
484672,20251119,F,30대,경기도,500이상700만원 미만,자기만족-즐거움을 위해,가족-지인 등과 시간을 보내기 위해
484853,20251119,M,20대,경상남도,무응답,자기만족-즐거움을 위해,스트레스 해소를 위해
485069,20251119,M,30대,경상북도,700만원 이상,마음의 안정-휴식을 위해,자기만족-즐거움을 위해
485507,20251119,M,30대,인천광역시,500이상700만원 미만,자기만족-즐거움을 위해,가족-지인 등과 시간을 보내기 위해
1036349,20251119,M,60대,제주특별자치도,무응답,마음의 안정-휴식을 위해,가족-지인 등과 시간을 보내기 위해
1335333,20251119,F,40대,전라북도,무응답,마음의 안정-휴식을 위해,스트레스 해소를 위해
1668612,20251119,M,50대,경기도,700만원 이상,대인 관계-교제를 위해,건강 관리를 위해
2924449,20251119,M,40대,경기도,700만원 이상,건강 관리를 위해,가족-지인 등과 시간을 보내기 위해
2926232,20251119,F,60대,경기도,700만원 이상,대인 관계-교제를 위해,마음의 안정-휴식을 위해
2931039,20251119,M,50대,경기도,무응답,자기만족-즐거움을 위해,가족-지인 등과 시간을 보내기 위해
2934387,20251119,F,50대,강원도,무응답,마음의 안정-휴식을 위해,자기만족-즐거움을 위해
2954128,20251119,M,30대,부산광역시,300이상500만원 미만,마음의 안정-휴식을 위해,대인 관계-교제를 위해
2954660,20251119,M,20대,경기도,300이상500만원 미만,대인 관계-교제를 위해,남는 시간을 보내기 위해
3020310,20251119,F,60대,경상남도,500이상700만원 미만,대인 관계-교제를 위해,가족-지인 등과 시간을 보내기 위해
3038161,20251119,F,20대,경상북도,500이상700만원 미만,대인 관계-교제를 위해,마음의 안정-휴식을 위해
3038427,20251119,F,20대,제주특별자치도,700만원 이상,마음의 안정-휴식을 위해,스트레스 해소를 위해
3047932,20251119,F,30대,경기도,무응답,스트레스 해소를 위해,건강 관리를 위해
3082549,20251119,M,40대,경기도,무응답,가족-지인 등과 시간을 보내기 위해,자기 계발을 위해
3126841,20251119,F,20대,경상남도,무응답,가족-지인 등과 시간을 보내기 위해,마음의 안정-휴식을 위해
3126868,20251119,F,20대,대구광역시,무응답,마음의 안정-휴식을 위해,스트레스 해소를 위해
3159855,20251119,M,30대,경기도,700만원 이상,스트레스 해소를 위해,마음의 안정-휴식을 위해
3201397,20251119,F,40대,전라남도,500이상700만원 미만,마음의 안정-휴식을 위해,남는 시간을 보내기 위해
3201786,20251119,F,20대,대구광역시,무응답,마음의 안정-휴식을 위해,가족-지인 등과 시간을 보내기 위해
3206553,20251119,M,30대,부산광역시,500이상700만원 미만,가족-지인 등과 시간을 보내기 위해,마음의 안정-휴식을 위해
3209255,20251119,F,30대,경상북도,무응답,자기만족-즐거움을 위해,건강 관리를 위해
3220426,20251119,F,20대,인천광역시,무응답,마음의 안정-휴식을 위해,자기 계발을 위해
3231899,20251119,F,20대,대구광역시,무응답,자기만족-즐거움을 위해,스트레스 해소를 위해
3261982,20251119,M,40대,경상북도,무응답,마음의 안정-휴식을 위해,스트레스 해소를 위해
3279997,20251119,M,30대,세종특별자치시,300이상500만원 미만,건강 관리를 위해,마음의 안정-휴식을 위해
3288362,20251119,M,30대,서울특별시,500이상700만원 미만,자기 계발을 위해,스트레스 해소를 위해
3293962,20251119,F,30대,충청남도,무응답,건강 관리를 위해,자기만족-즐거움을 위해
3295817,20251119,F,20대,대구광역시,무응답,스트레스 해소를 위해,자기 계발을 위해
3296172,20251119,F,20대,경상북도,300만원 미만,대인 관계-교제를 위해,스트레스 해소를 위해
3297897,20251119,F,40대,경상남도,500이상700만원 미만,마음의 안정-휴식을 위해,건강 관리를 위해
3298920,20251119,F,50대,경기도,700만원 이상,건강 관리를 위해,가족-지인 등과 시간을 보내기 위해
3299367,20251119,M,30대,경기도,700만원 이상,대인 관계-교제를 위해,자기만족-즐거움을 위해
3299840,20251119,F,20대,경상북도,무응답,스트레스 해소를 위해,자기만족-즐거움을 위해
3299847,20251119,M,20대,광주광역시,300만원 미만,스트레스 해소를 위해,자기만족-즐거움을 위해
3299885,20251119,F,20대,인천광역시,무응답,마음의 안정-휴식을 위해,건강 관리를 위해
3302395,20251119,M,20대,전라남도,700만원 이상,자기 계발을 위해,가족-지인 등과 시간을 보내기 위해
3303001,20251119,F,40대,전라북도,무응답,가족-지인 등과 시간을 보내기 위해,자기만족-즐거움을 위해
3314149,20251119,M,30대,서울특별시,700만원 이상,가족-지인 등과 시간을 보내기 위해,마음의 안정-휴식을 위해
3314921,20251119,M,60대,경기도,700만원 이상,건강 관리를 위해,가족-지인 등과 시간을 보내기 위해
3314960,20251119,F,30대,경기도,무응답,건강 관리를 위해,마음의 안정-휴식을 위해
53322621,20251119,M,50대,서울특별시,700만원 이상,가족-지인 등과 시간을 보내기 위해,마음의 안정-휴식을 위해
53322728,20251119,M,40대,서울특별시,무응답,마음의 안정-휴식을 위해,가족-지인 등과 시간을 보내기 위해
53322944,20251119,F,60대,서울특별시,500이상700만원 미만,대인 관계-교제를 위해,마음의 안정-휴식을 위해
53322976,20251119,M,60대,서울특별시,500이상700만원 미만,가족-지인 등과 시간을 보내기 위해,마음의 안정-휴식을 위해
53323191,20251119,F,60대,서울특별시,700만원 이상,마음의 안정-휴식을 위해,가족-지인 등과 시간을 보내기 위해
53323354,20251119,F,50대,서울특별시,700만원 이상,마음의 안정-휴식을 위해,건강 관리를 위해
53323388,20251119,F,60대,서울특별시,700만원 이상,가족-지인 등과 시간을 보내기 위해,마음의 안정-휴식을 위해
53323516,20251119,F,30대,서울특별시,700만원 이상,자기만족-즐거움을 위해,가족-지인 등과 시간을 보내기 위해
53323676,20251119,F,40대,서울특별시,무응답,가족-지인 등과 시간을 보내기 위해,대인 관계-교제를 위해
53323779,20251119,F,60대,서울특별시,700만원 이상,건강 관리를 위해,자기 계발을 위해
53324202,20251119,M,60대,서울특별시,700만원 이상,가족-지인 등과 시간을 보내기 위해,건강 관리를 위해
53324524,20251119,F,40대,서울특별시,무응답,건강 관리를 위해,가족-지인 등과 시간을 보내기 위해
53324593,20251119,M,50대,서울특별시,무응답,가족-지인 등과 시간을 보내기 위해,마음의 안정-휴식을 위해
53324595,20251119,F,50대,서울특별시,무응답,자기만족-즐거움을 위해,마음의 안정-휴식을 위해
53324812,20251119,M,60대,서울특별시,700만원 이상,건강 관리를 위해,가족-지인 등과 시간을 보내기 위해
53324828,20251119,M,60대,서울특별시,700만원 이상,건강 관리를 위해,마음의 안정-휴식을 위해
53324838,20251119,M,50대,서울특별시,무응답,자기만족-즐거움을 위해,없음
53324954,20251119,F,30대,서울특별시,500이상700만원 미만,대인 관계-교제를 위해,자기 계발을 위해
53325055,20251119,F,40대,경기도,무응답,자기만족-즐거움을 위해,남는 시간을 보내기 위해
53325101,20251119,F,40대,서울특별시,무응답,자기만족-즐거움을 위해,가족-지인 등과 시간을 보내기 위해
53325195,20251119,M,50대,서울특별시,700만원 이상,자기만족-즐거움을 위해,마음의 안정-휴식을 위해
53325382,20251119,M,60대,서울특별시,무응답,건강 관리를 위해,가족-지인 등과 시간을 보내기 위해
53325528,20251119,M,40대,광주광역시,300이상500만원 미만,가족-지인 등과 시간을 보내기 위해,마음의 안정-휴식을 위해
53325544,20251119,M,60대,전라북도,무응답,건강 관리를 위해,남는 시간을 보내기 위해
53325661,20251119,M,40대,경기도,무응답,가족-지인 등과 시간을 보내기 위해,자기만족-즐거움을 위해
53325725,20251119,F,50대,경기도,300이상500만원 미만,마음의 안정-휴식을 위해,스트레스 해소를 위해
53325726,20251119,M,30대,충청북도,700만원 이상,스트레스 해소를 위해,대인 관계-교제를 위해
53325802,20251119,M,50대,서울특별시,무응답,자기만족-즐거움을 위해,스트레스 해소를 위해
53326411,20251119,M,40대,경상남도,300이상500만원 미만,마음의 안정-휴식을 위해,자기 계발을 위해
53326470,20251119,M,50대,인천광역시,500이상700만원 미만,가족-지인 등과 시간을 보내기 위해,건강 관리를 위해
53326524,20251119,M,50대,부산광역시,500이상700만원 미만,마음의 안정-휴식을 위해,자기만족-즐거움을 위해
53326558,20251119,F,40대,부산광역시,무응답,마음의 안정-휴식을 위해,가족-지인 등과 시간을 보내기 위해
53326591,20251119,F,30대,부산광역시,무응답,마음의 안정-휴식을 위해,스트레스 해소를 위해
53326637,20251119,F,60대,부산광역시,300이상500만원 미만,건강 관리를 위해,가족-지인 등과 시간을 보내기 위해
53326938,20251119,M,40대,부산광역시,700만원 이상,마음의 안정-휴식을 위해,가족-지인 등과 시간을 보내기 위해
53327001,20251119,F,30대,서울특별시,무응답,가족-지인 등과 시간을 보내기 위해,스트레스 해소를 위해
53327085,20251119,F,50대,대전광역시,700만원 이상,가족-지인 등과 시간을 보내기 위해,마음의 안정-휴식을 위해
53327097,20251119,M,40대,울산광역시,700만원 이상,스트레스 해소를 위해,없음
53327110,20251119,M,50대,대전광역시,무응답,가족-지인 등과 시간을 보내기 위해,건강 관리를 위해
53327120,20251119,M,50대,부산광역시,300이상500만원 미만,가족-지인 등과 시간을 보내기 위해,마음의 안정-휴식을 위해
53327186,20251119,M,60대,경상북도,500이상700만원 미만,자기만족-즐거움을 위해,가족-지인 등과 시간을 보내기 위해
53327305,20251119,F,50대,경기도,무응답,마음의 안정-휴식을 위해,자기만족-즐거움을 위해
53327528,20251119,M,60대,인천광역시,500이상700만원 미만,건강 관리를 위해,자기 계발을 위해
53328059,20251119,F,60대,서울특별시,500이상700만원 미만,마음의 안정-휴식을 위해,자기만족-즐거움을 위해
53328209,20251119,M,30대,서울특별시,700만원 이상,가족-지인 등과 시간을 보내기 위해,대인 관계-교제를 위해
53328247,20251119,M,40대,인천광역시,300이상500만원 미만,가족-지인 등과 시간을 보내기 위해,건강 관리를 위해
53328400,20251119,F,30대,충청북도,무응답,스트레스 해소를 위해,가족-지인 등과 시간을 보내기 위해
53328534,20251119,M,60대,경상북도,무응답,자기만족-즐거움을 위해,건강 관리를 위해
53328702,20251119,F,60대,인천광역시,700만원 이상,마음의 안정-휴식을 위해,건강 관리를 위해
53328812,20251119,M,30대,서울특별시,700만원 이상,자기만족-즐거움을 위해,남는 시간을 보내기 위해
53328959,20251119,F,50대,세종특별자치시,무응답,건강 관리를 위해,가족-지인 등과 시간을 보내기 위해
53329530,20251119,F,40대,경기도,무응답,마음의 안정-휴식을 위해,가족-지인 등과 시간을 보내기 위해
53329755,20251119,M,60대,경기도,500이상700만원 미만,가족-지인 등과 시간을 보내기 위해,건강 관리를 위해
53329925,20251119,F,30대,충청북도,300이상500만원 미만,자기만족-즐거움을 위해,스트레스 해소를 위해
53329963,20251119,F,50대,서울특별시,무응답,자기만족-즐거움을 위해,가족-지인 등과 시간을 보내기 위해
53330334,20251119,M,60대,경기도,500이상700만원 미만,건강 관리를 위해,자기 계발을 위해
53330377,20251119,M,40대,부산광역시,700만원 이상,가족-지인 등과 시간을 보내기 위해,자기만족-즐거움을 위해
53330443,20251119,F,50대,대구광역시,무응답,건강 관리를 위해,스트레스 해소를 위해
53330517,20251119,F,50대,경상남도,500이상700만원 미만,자기만족-즐거움을 위해,가족-지인 등과 시간을 보내기 위해
53331344,20251119,M,40대,광주광역시,무응답,가족-지인 등과 시간을 보내기 위해,마음의 안정-휴식을 위해
53331394,20251119,M,50대,대전광역시,무응답,건강 관리를 위해,대인 관계-교제를 위해
53331488,20251119,F,50대,강원도,무응답,건강 관리를 위해,기타
53331620,20251119,F,40대,대구광역시,무응답,마음의 안정-휴식을 위해,스트레스 해소를 위해
53331761,20251119,M,60대,전라북도,무응답,마음의 안정-휴식을 위해,자기 계발을 위해
53332051,20251119,M,60대,인천광역시,500이상700만원 미만,남는 시간을 보내기 위해,가족-지인 등과 시간을 보내기 위해
53332112,20251119,F,50대,경기도,700만원 이상,자기만족-즐거움을 위해,마음의 안정-휴식을 위해
53332253,20251119,F,60대,경상남도,500이상700만원 미만,자기만족-즐거움을 위해,스트레스 해소를 위해
53332403,20251119,M,50대,경상남도,700만원 이상,자기 계발을 위해,건강 관리를 위해
53332622,20251119,F,40대,경기도,300만원 미만,남는 시간을 보내기 위해,자기만족-즐거움을 위해
53332862,20251119,F,40대,경기도,무응답,가족-지인 등과 시간을 보내기 위해,마음의 안정-휴식을 위해
53332943,20251119,F,50대,광주광역시,500이상700만원 미만,가족-지인 등과 시간을 보내기 위해,자기만족-즐거움을 위해
53333159,20251119,F,60대,충청남도,300이상500만원 미만,건강 관리를 위해,가족-지인 등과 시간을 보내기 위해
53333241,20251119,F,60대,경상남도,무응답,마음의 안정-휴식을 위해,건강 관리를 위해
53333389,20251119,F,60대,전라북도,300만원 미만,건강 관리를 위해,마음의 안정-휴식을 위해
53333771,20251119,M,40대,경기도,무응답,가족-지인 등과 시간을 보내기 위해,자기만족-즐거움을 위해
53333832,20251119,M,40대,충청북도,300이상500만원 미만,스트레스 해소를 위해,가족-지인 등과 시간을 보내기 위해
53333916,20251119,M,50대,경기도,무응답,마음의 안정-휴식을 위해,남는 시간을 보내기 위해
53334042,20251119,F,60대,경기도,무응답,건강 관리를 위해,남는 시간을 보내기 위해
53334093,20251119,M,40대,경기도,무응답,자기 계발을 위해,없음
53334437,20251119,F,60대,경기도,700만원 이상,마음의 안정-휴식을 위해,자기만족-즐거움을 위해
53334614,20251119,F,40대,서울특별시,300이상500만원 미만,남는 시간을 보내기 위해,스트레스 해소를 위해
53334624,20251119,M,50대,대구광역시,300만원 미만,자기만족-즐거움을 위해,건강 관리를 위해
53335039,20251119,M,40대,부산광역시,300이상500만원 미만,자기만족-즐거움을 위해,마음의 안정-휴식을 위해
53335071,20251119,M,50대,전라북도,700만원 이상,자기만족-즐거움을 위해,가족-지인 등과 시간을 보내기 위해
53335072,20251119,M,40대,경기도,700만원 이상,자기만족-즐거움을 위해,스트레스 해소를 위해
53335190,20251119,F,40대,대구광역시,700만원 이상,가족-지인 등과 시간을 보내기 위해,자기만족-즐거움을 위해
53335393,20251119,M,30대,대구광역시,무응답,자기 계발을 위해,스트레스 해소를 위해
53335506,20251119,M,40대,대구광역시,700만원 이상,대인 관계-교제를 위해,스트레스 해소를 위해
53335705,20251119,F,30대,전라남도,300만원 미만,스트레스 해소를 위해,건강 관리를 위해
53335869,20251119,M,60대,전라남도,300만원 미만,건강 관리를 위해,가족-지인 등과 시간을 보내기 위해
53335904,20251119,M,60대,인천광역시,700만원 이상,마음의 안정-휴식을 위해,자기만족-즐거움을 위해
53336074,20251119,F,30대,경상남도,무응답,건강 관리를 위해,스트레스 해소를 위해
53336140,20251119,M,40대,제주특별자치도,500이상700만원 미만,마음의 안정-휴식을 위해,가족-지인 등과 시간을 보내기 위해
53336413,20251119,F,60대,경상북도,500이상700만원 미만,자기만족-즐거움을 위해,건강 관리를 위해
53336560,20251119,M,40대,충청북도,무응답,자기만족-즐거움을 위해,남는 시간을 보내기 위해
53336753,20251119,F,40대,울산광역시,500이상700만원 미만,자기 계발을 위해,스트레스 해소를 위해
53336809,20251119,F,50대,경기도,300이상500만원 미만,건강 관리를 위해,스트레스 해소를 위해
53336844,20251119,M,40대,경상남도,500이상700만원 미만,자기만족-즐거움을 위해,스트레스 해소를 위해
53336889,20251119,M,50대,대구광역시,700만원 이상,가족-지인 등과 시간을 보내기 위해,자기만족-즐거움을 위해
53336897,20251119,M,60대,전라남도,무응답,건강 관리를 위해,자기만족-즐거움을 위해
53337095,20251119,F,50대,광주광역시,700만원 이상,자기만족-즐거움을 위해,자기 계발을 위해
53337188,20251119,F,60대,대구광역시,500이상700만원 미만,건강 관리를 위해,마음의 안정-휴식을 위해
53337219,20251119,M,30대,세종특별자치시,700만원 이상,스트레스 해소를 위해,자기 계발을 위해
53337326,20251119,M,60대,인천광역시,500이상700만원 미만,마음의 안정-휴식을 위해,건강 관리를 위해
53337340,20251119,M,50대,세종특별자치시,700만원 이상,자기만족-즐거움을 위해,자기 계발을 위해
53337404,20251119,M,50대,전라남도,무응답,마음의 안정-휴식을 위해,남는 시간을 보내기 위해
53337505,20251119,M,50대,세종특별자치시,700만원 이상,건강 관리를 위해,스트레스 해소를 위해
53337529,20251119,M,40대,부산광역시,무응답,스트레스 해소를 위해,자기만족-즐거움을 위해
53337889,20251119,F,60대,경상북도,무응답,가족-지인 등과 시간을 보내기 위해,건강 관리를 위해
53338186,20251119,F,40대,광주광역시,무응답,마음의 안정-휴식을 위해,남는 시간을 보내기 위해
53338274,20251119,F,30대,충청남도,700만원 이상,스트레스 해소를 위해,마음의 안정-휴식을 위해
53338306,20251119,F,60대,경기도,무응답,건강 관리를 위해,마음의 안정-휴식을 위해
53338347,20251119,M,30대,대전광역시,무응답,마음의 안정-휴식을 위해,가족-지인 등과 시간을 보내기 위해
53338390,20251119,M,60대,서울특별시,무응답,마음의 안정-휴식을 위해,가족-지인 등과 시간을 보내기 위해
53338531,20251119,M,30대,경기도,무응답,건강 관리를 위해,자기 계발을 위해
53338641,20251119,M,60대,서울특별시,700만원 이상,가족-지인 등과 시간을 보내기 위해,대인 관계-교제를 위해
53338697,20251119,M,40대,경기도,700만원 이상,마음의 안정-휴식을 위해,자기만족-즐거움을 위해
53338796,20251119,F,20대,서울특별시,무응답,마음의 안정-휴식을 위해,자기만족-즐거움을 위해
53338833,20251119,F,60대,서울특별시,300이상500만원 미만,건강 관리를 위해,없음
53339132,20251119,F,40대,서울특별시,700만원 이상,가족-지인 등과 시간을 보내기 위해,마음의 안정-휴식을 위해
53339173,20251119,M,30대,서울특별시,무응답,스트레스 해소를 위해,마음의 안정-휴식을 위해
53339236,20251119,F,30대,전라북도,무응답,자기만족-즐거움을 위해,스트레스 해소를 위해
53339240,20251119,F,60대,경상남도,무응답,자기만족-즐거움을 위해,건강 관리를 위해
53339343,20251119,F,40대,부산광역시,300이상500만원 미만,마음의 안정-휴식을 위해,건강 관리를 위해
53339481,20251119,M,50대,부산광역시,700만원 이상,자기 계발을 위해,건강 관리를 위해
53339516,20251119,M,60대,경상남도,300이상500만원 미만,자기만족-즐거움을 위해,건강 관리를 위해
53339534,20251119,M,30대,인천광역시,무응답,자기만족-즐거움을 위해,마음의 안정-휴식을 위해
53339615,20251119,M,50대,부산광역시,무응답,건강 관리를 위해,마음의 안정-휴식을 위해
53339687,20251119,F,40대,인천광역시,300이상500만원 미만,가족-지인 등과 시간을 보내기 위해,없음
53340393,20251119,F,60대,전라남도,무응답,대인 관계-교제를 위해,건강 관리를 위해
53340410,20251119,F,30대,충청남도,무응답,마음의 안정-휴식을 위해,자기만족-즐거움을 위해
53340429,20251119,M,50대,경기도,500이상700만원 미만,마음의 안정-휴식을 위해,건강 관리를 위해
53340530,20251119,M,50대,서울특별시,700만원 이상,스트레스 해소를 위해,자기만족-즐거움을 위해
53340964,20251119,F,50대,울산광역시,무응답,남는 시간을 보내기 위해,마음의 안정-휴식을 위해
53341099,20251119,F,50대,경상남도,무응답,마음의 안정-휴식을 위해,자기만족-즐거움을 위해
53341190,20251119,M,30대,경기도,700만원 이상,마음의 안정-휴식을 위해,남는 시간을 보내기 위해
53341235,20251119,M,40대,경기도,무응답,가족-지인 등과 시간을 보내기 위해,자기만족-즐거움을 위해
53341370,20251119,F,50대,서울특별시,700만원 이상,남는 시간을 보내기 위해,마음의 안정-휴식을 위해
53341562,20251119,F,50대,전라남도,무응답,대인 관계-교제를 위해,자기만족-즐거움을 위해
53341712,20251119,M,40대,부산광역시,무응답,건강 관리를 위해,가족-지인 등과 시간을 보내기 위해
53341770,20251119,F,50대,경상남도,700만원 이상,마음의 안정-휴식을 위해,가족-지인 등과 시간을 보내기 위해
53341783,20251119,F,60대,경상북도,300만원 미만,스트레스 해소를 위해,가족-지인 등과 시간을 보내기 위해
53341992,20251119,F,30대,울산광역시,300이상500만원 미만,스트레스 해소를 위해,마음의 안정-휴식을 위해
53342119,20251119,M,30대,부산광역시,무응답,가족-지인 등과 시간을 보내기 위해,마음의 안정-휴식을 위해
53342147,20251119,M,60대,대전광역시,500이상700만원 미만,자기만족-즐거움을 위해,가족-지인 등과 시간을 보내기 위해
53342794,20251119,F,30대,충청북도,700만원 이상,가족-지인 등과 시간을 보내기 위해,스트레스 해소를 위해
53342846,20251119,F,60대,충청북도,700만원 이상,가족-지인 등과 시간을 보내기 위해,자기만족-즐거움을 위해
53342896,20251119,F,50대,경기도,300이상500만원 미만,자기만족-즐거움을 위해,마음의 안정-휴식을 위해
53343380,20251119,M,30대,서울특별시,무응답,남는 시간을 보내기 위해,가족-지인 등과 시간을 보내기 위해
53343399,20251119,F,50대,부산광역시,300이상500만원 미만,대인 관계-교제를 위해,마음의 안정-휴식을 위해
53343493,20251119,F,40대,인천광역시,무응답,마음의 안정-휴식을 위해,가족-지인 등과 시간을 보내기 위해
53343796,20251119,M,40대,경기도,700만원 이상,자기만족-즐거움을 위해,마음의 안정-휴식을 위해
53343806,20251119,F,40대,서울특별시,500이상700만원 미만,마음의 안정-휴식을 위해,스트레스 해소를 위해
53344122,20251119,M,40대,경기도,무응답,가족-지인 등과 시간을 보내기 위해,없음
53344289,20251119,F,30대,경기도,300이상500만원 미만,가족-지인 등과 시간을 보내기 위해,대인 관계-교제를 위해
53344325,20251119,F,40대,경기도,무응답,자기만족-즐거움을 위해,마음의 안정-휴식을 위해
53344333,20251119,F,20대,부산광역시,무응답,스트레스 해소를 위해,자기만족-즐거움을 위해
53344662,20251119,F,50대,경기도,700만원 이상,스트레스 해소를 위해,건강 관리를 위해
53344668,20251119,F,30대,인천광역시,무응답,자기 계발을 위해,자기만족-즐거움을 위해
53344932,20251119,F,50대,충청북도,300만원 미만,기타,건강 관리를 위해
53344985,20251119,F,30대,경기도,500이상700만원 미만,자기 계발을 위해,가족-지인 등과 시간을 보내기 위해
53345321,20251119,M,60대,인천광역시,무응답,자기만족-즐거움을 위해,스트레스 해소를 위해
53345616,20251119,M,60대,부산광역시,300이상500만원 미만,자기 계발을 위해,마음의 안정-휴식을 위해
53345640,20251119,F,50대,서울특별시,무응답,대인 관계-교제를 위해,마음의 안정-휴식을 위해
53345852,20251119,F,50대,서울특별시,300이상500만원 미만,자기만족-즐거움을 위해,마음의 안정-휴식을 위해
53346063,20251119,F,60대,경기도,700만원 이상,가족-지인 등과 시간을 보내기 위해,자기 계발을 위해
53346101,20251119,F,50대,경기도,500이상700만원 미만,마음의 안정-휴식을 위해,스트레스 해소를 위해
53346168,20251119,F,40대,경기도,무응답,마음의 안정-휴식을 위해,스트레스 해소를 위해
53346223,20251119,F,50대,서울특별시,700만원 이상,마음의 안정-휴식을 위해,자기 계발을 위해
53346283,20251119,F,40대,충청북도,300이상500만원 미만,가족-지인 등과 시간을 보내기 위해,대인 관계-교제를 위해
53346315,20251119,M,50대,경기도,500이상700만원 미만,자기 계발을 위해,대인 관계-교제를 위해
53346873,20251119,F,50대,서울특별시,700만원 이상,마음의 안정-휴식을 위해,가족-지인 등과 시간을 보내기 위해
53346912,20251119,M,60대,경상북도,300이상500만원 미만,건강 관리를 위해,대인 관계-교제를 위해
53346942,20251119,F,60대,경기도,무응답,마음의 안정-휴식을 위해,가족-지인 등과 시간을 보내기 위해
53346949,20251119,F,60대,경상남도,무응답,가족-지인 등과 시간을 보내기 위해,마음의 안정-휴식을 위해
53347061,20251119,F,40대,대구광역시,700만원 이상,마음의 안정-휴식을 위해,자기만족-즐거움을 위해
53347179,20251119,F,30대,제주특별자치도,무응답,건강 관리를 위해,자기만족-즐거움을 위해
53347369,20251119,M,50대,경기도,300만원 미만,자기만족-즐거움을 위해,마음의 안정-휴식을 위해
53347390,20251119,F,50대,울산광역시,무응답,스트레스 해소를 위해,자기만족-즐거움을 위해
53347396,20251119,M,50대,경기도,700만원 이상,마음의 안정-휴식을 위해,건강 관리를 위해
53347420,20251119,F,50대,경기도,300이상500만원 미만,가족-지인 등과 시간을 보내기 위해,마음의 안정-휴식을 위해
53347568,20251119,F,40대,대구광역시,700만원 이상,대인 관계-교제를 위해,자기만족-즐거움을 위해
53347714,20251119,F,30대,광주광역시,무응답,마음의 안정-휴식을 위해,자기만족-즐거움을 위해
53347859,20251119,F,40대,충청남도,무응답,가족-지인 등과 시간을 보내기 위해,마음의 안정-휴식을 위해
53347863,20251119,F,50대,서울특별시,700만원 이상,스트레스 해소를 위해,마음의 안정-휴식을 위해
53347914,20251119,F,30대,서울특별시,무응답,자기만족-즐거움을 위해,남는 시간을 보내기 위해
53347938,20251119,F,40대,대구광역시,500이상700만원 미만,마음의 안정-휴식을 위해,대인 관계-교제를 위해
53348030,20251119,M,60대,부산광역시,500이상700만원 미만,자기만족-즐거움을 위해,건강 관리를 위해
53348044,20251119,F,50대,제주특별자치도,무응답,건강 관리를 위해,스트레스 해소를 위해
53348136,20251119,M,40대,전라북도,무응답,스트레스 해소를 위해,자기만족-즐거움을 위해
53348146,20251119,F,30대,울산광역시,700만원 이상,가족-지인 등과 시간을 보내기 위해,대인 관계-교제를 위해
53348193,20251119,F,30대,충청남도,500이상700만원 미만,가족-지인 등과 시간을 보내기 위해,마음의 안정-휴식을 위해
53348216,20251119,M,40대,서울특별시,무응답,스트레스 해소를 위해,마음의 안정-휴식을 위해
53348338,20251119,F,60대,충청남도,300이상500만원 미만,대인 관계-교제를 위해,자기 계발을 위해
53348368,20251119,M,50대,서울특별시,500이상700만원 미만,마음의 안정-휴식을 위해,가족-지인 등과 시간을 보내기 위해
53348381,20251119,F,40대,대구광역시,300이상500만원 미만,가족-지인 등과 시간을 보내기 위해,대인 관계-교제를 위해
53348508,20251119,M,60대,강원도,300이상500만원 미만,자기 계발을 위해,마음의 안정-휴식을 위해
53348715,20251119,F,30대,경기도,700만원 이상,스트레스 해소를 위해,마음의 안정-휴식을 위해
53348719,20251119,M,60대,경기도,500이상700만원 미만,자기만족-즐거움을 위해,마음의 안정-휴식을 위해
53348875,20251119,M,40대,서울특별시,700만원 이상,마음의 안정-휴식을 위해,가족-지인 등과 시간을 보내기 위해
53349032,20251119,M,60대,경상남도,300이상500만원 미만,자기 계발을 위해,건강 관리를 위해
53349168,20251119,M,30대,경기도,무응답,스트레스 해소를 위해,건강 관리를 위해
53349350,20251119,F,50대,부산광역시,700만원 이상,마음의 안정-휴식을 위해,대인 관계-교제를 위해
53349478,20251119,F,40대,강원도,300이상500만원 미만,건강 관리를 위해,가족-지인 등과 시간을 보내기 위해
53349629,20251119,M,50대,인천광역시,500이상700만원 미만,자기만족-즐거움을 위해,건강 관리를 위해
53349768,20251119,F,30대,충청남도,무응답,가족-지인 등과 시간을 보내기 위해,대인 관계-교제를 위해
53349958,20251119,F,50대,인천광역시,무응답,자기 계발을 위해,자기만족-즐거움을 위해
53350019,20251119,F,50대,서울특별시,700만원 이상,자기만족-즐거움을 위해,마음의 안정-휴식을 위해
53350406,20251119,F,60대,서울특별시,무응답,가족-지인 등과 시간을 보내기 위해,스트레스 해소를 위해
53350416,20251119,F,30대,경기도,300이상500만원 미만,자기만족-즐거움을 위해,건강 관리를 위해
53350421,20251119,F,40대,경기도,700만원 이상,자기만족-즐거움을 위해,마음의 안정-휴식을 위해
53350638,20251119,F,60대,충청남도,무응답,자기만족-즐거움을 위해,가족-지인 등과 시간을 보내기 위해
53350682,20251119,M,40대,광주광역시,무응답,마음의 안정-휴식을 위해,가족-지인 등과 시간을 보내기 위해
53350745,20251119,M,40대,부산광역시,500이상700만원 미만,스트레스 해소를 위해,남는 시간을 보내기 위해
53350749,20251119,F,60대,인천광역시,300이상500만원 미만,마음의 안정-휴식을 위해,자기만족-즐거움을 위해
53350754,20251119,F,60대,대전광역시,500이상700만원 미만,마음의 안정-휴식을 위해,건강 관리를 위해
53350856,20251119,F,50대,부산광역시,500이상700만원 미만,마음의 안정-휴식을 위해,자기만족-즐거움을 위해
53350930,20251119,M,40대,경기도,무응답,남는 시간을 보내기 위해,스트레스 해소를 위해
53351007,20251119,M,60대,경상북도,무응답,건강 관리를 위해,가족-지인 등과 시간을 보내기 위해
53351342,20251119,F,60대,광주광역시,500이상700만원 미만,마음의 안정-휴식을 위해,건강 관리를 위해
53351351,20251119,M,50대,인천광역시,700만원 이상,마음의 안정-휴식을 위해,가족-지인 등과 시간을 보내기 위해
53351395,20251119,F,30대,부산광역시,500이상700만원 미만,마음의 안정-휴식을 위해,스트레스 해소를 위해
53351537,20251119,M,60대,서울특별시,700만원 이상,남는 시간을 보내기 위해,마음의 안정-휴식을 위해
53351639,20251119,M,40대,경기도,300이상500만원 미만,스트레스 해소를 위해,자기 계발을 위해
53351965,20251119,M,40대,울산광역시,700만원 이상,가족-지인 등과 시간을 보내기 위해,건강 관리를 위해
53352019,20251119,F,60대,경상남도,500이상700만원 미만,가족-지인 등과 시간을 보내기 위해,자기만족-즐거움을 위해
53352155,20251119,M,50대,서울특별시,300만원 미만,마음의 안정-휴식을 위해,스트레스 해소를 위해
53352159,20251119,M,40대,경상남도,300이상500만원 미만,마음의 안정-휴식을 위해,스트레스 해소를 위해
53352193,20251119,F,60대,경기도,500이상700만원 미만,가족-지인 등과 시간을 보내기 위해,마음의 안정-휴식을 위해
53352515,20251119,M,40대,경상남도,500이상700만원 미만,가족-지인 등과 시간을 보내기 위해,자기만족-즐거움을 위해
53352658,20251119,F,40대,경기도,700만원 이상,마음의 안정-휴식을 위해,자기 계발을 위해
53352712,20251119,M,60대,부산광역시,무응답,마음의 안정-휴식을 위해,가족-지인 등과 시간을 보내기 위해
53352741,20251119,F,40대,경기도,300이상500만원 미만,자기만족-즐거움을 위해,가족-지인 등과 시간을 보내기 위해
53352814,20251119,M,50대,광주광역시,무응답,스트레스 해소를 위해,대인 관계-교제를 위해
53353014,20251119,F,40대,부산광역시,700만원 이상,마음의 안정-휴식을 위해,자기만족-즐거움을 위해
53353214,20251119,F,30대,충청남도,무응답,마음의 안정-휴식을 위해,자기만족-즐거움을 위해
53353778,20251119,F,50대,경기도,500이상700만원 미만,가족-지인 등과 시간을 보내기 위해,자기만족-즐거움을 위해
53354280,20251119,F,50대,강원도,무응답,건강 관리를 위해,자기 계발을 위해
53354504,20251119,F,40대,경기도,무응답,스트레스 해소를 위해,마음의 안정-휴식을 위해
53354529,20251119,M,60대,울산광역시,700만원 이상,가족-지인 등과 시간을 보내기 위해,건강 관리를 위해
53354550,20251119,F,30대,경기도,300이상500만원 미만,가족-지인 등과 시간을 보내기 위해,스트레스 해소를 위해
53354554,20251119,M,60대,경상북도,500이상700만원 미만,가족-지인 등과 시간을 보내기 위해,자기만족-즐거움을 위해
53354592,20251119,F,40대,인천광역시,700만원 이상,건강 관리를 위해,자기만족-즐거움을 위해
53354675,20251119,M,40대,서울특별시,700만원 이상,마음의 안정-휴식을 위해,스트레스 해소를 위해
53355139,20251119,M,40대,경기도,무응답,가족-지인 등과 시간을 보내기 위해,마음의 안정-휴식을 위해
53355512,20251119,M,40대,서울특별시,무응답,마음의 안정-휴식을 위해,자기만족-즐거움을 위해
53355813,20251119,M,50대,경기도,500이상700만원 미만,자기만족-즐거움을 위해,대인 관계-교제를 위해
53355866,20251119,M,60대,서울특별시,700만원 이상,건강 관리를 위해,자기 계발을 위해
53355926,20251119,M,60대,경상남도,300이상500만원 미만,자기만족-즐거움을 위해,대인 관계-교제를 위해
53356219,20251119,M,30대,서울특별시,무응답,건강 관리를 위해,스트레스 해소를 위해
53356363,20251119,F,50대,경상남도,무응답,건강 관리를 위해,자기만족-즐거움을 위해
53356378,20251119,F,40대,대구광역시,무응답,마음의 안정-휴식을 위해,가족-지인 등과 시간을 보내기 위해
53356631,20251119,M,50대,인천광역시,700만원 이상,가족-지인 등과 시간을 보내기 위해,자기만족-즐거움을 위해
53356671,20251119,F,60대,경기도,무응답,마음의 안정-휴식을 위해,건강 관리를 위해
53356763,20251119,F,50대,인천광역시,500이상700만원 미만,건강 관리를 위해,스트레스 해소를 위해
53356903,20251119,F,60대,경기도,500이상700만원 미만,마음의 안정-휴식을 위해,자기만족-즐거움을 위해
53357141,20251119,F,30대,경기도,700만원 이상,자기만족-즐거움을 위해,건강 관리를 위해
53357266,20251119,F,50대,서울특별시,700만원 이상,마음의 안정-휴식을 위해,건강 관리를 위해
53357568,20251119,F,40대,대전광역시,무응답,자기만족-즐거움을 위해,건강 관리를 위해
53357691,20251119,F,50대,경상북도,무응답,자기만족-즐거움을 위해,가족-지인 등과 시간을 보내기 위해
53357947,20251119,F,30대,경기도,무응답,마음의 안정-휴식을 위해,자기만족-즐거움을 위해
53358279,20251119,F,20대,서울특별시,300이상500만원 미만,자기 계발을 위해,남는 시간을 보내기 위해
53358561,20251119,M,50대,경기도,무응답,마음의 안정-휴식을 위해,대인 관계-교제를 위해
53358847,20251119,F,50대,충청남도,300만원 미만,마음의 안정-휴식을 위해,가족-지인 등과 시간을 보내기 위해
53359334,20251119,M,60대,경상북도,무응답,자기만족-즐거움을 위해,자기 계발을 위해
53359422,20251119,F,60대,충청북도,700만원 이상,자기만족-즐거움을 위해,대인 관계-교제를 위해
53359445,20251119,F,40대,충청북도,300이상500만원 미만,가족-지인 등과 시간을 보내기 위해,스트레스 해소를 위해
53359636,20251119,M,50대,대구광역시,500이상700만원 미만,마음의 안정-휴식을 위해,스트레스 해소를 위해
53359749,20251119,M,50대,대전광역시,700만원 이상,마음의 안정-휴식을 위해,스트레스 해소를 위해
53359968,20251119,F,40대,전라북도,500이상700만원 미만,마음의 안정-휴식을 위해,스트레스 해소를 위해
53360010,20251119,M,50대,인천광역시,700만원 이상,가족-지인 등과 시간을 보내기 위해,건강 관리를 위해
53360034,20251119,M,50대,경기도,500이상700만원 미만,가족-지인 등과 시간을 보내기 위해,마음의 안정-휴식을 위해
53360039,20251119,M,40대,울산광역시,500이상700만원 미만,가족-지인 등과 시간을 보내기 위해,마음의 안정-휴식을 위해
53360078,20251119,M,60대,부산광역시,무응답,마음의 안정-휴식을 위해,가족-지인 등과 시간을 보내기 위해
53360375,20251119,F,60대,충청남도,500이상700만원 미만,스트레스 해소를 위해,가족-지인 등과 시간을 보내기 위해
53360514,20251119,M,30대,경기도,무응답,가족-지인 등과 시간을 보내기 위해,자기 계발을 위해
53360853,20251119,F,30대,경기도,700만원 이상,가족-지인 등과 시간을 보내기 위해,자기만족-즐거움을 위해
53360885,20251119,M,60대,전라북도,700만원 이상,자기만족-즐거움을 위해,자기 계발을 위해
53361049,20251119,M,40대,경기도,무응답,마음의 안정-휴식을 위해,스트레스 해소를 위해
53361350,20251119,F,50대,충청북도,700만원 이상,마음의 안정-휴식을 위해,자기만족-즐거움을 위해
53361441,20251119,F,30대,세종특별자치시,700만원 이상,가족-지인 등과 시간을 보내기 위해,스트레스 해소를 위해
53361505,20251119,M,30대,충청남도,500이상700만원 미만,마음의 안정-휴식을 위해,스트레스 해소를 위해
53361557,20251119,F,60대,경상남도,500이상700만원 미만,가족-지인 등과 시간을 보내기 위해,건강 관리를 위해
53361565,20251119,M,30대,광주광역시,무응답,마음의 안정-휴식을 위해,가족-지인 등과 시간을 보내기 위해
53361672,20251119,F,50대,부산광역시,700만원 이상,가족-지인 등과 시간을 보내기 위해,스트레스 해소를 위해
53361712,20251119,M,60대,경상남도,700만원 이상,건강 관리를 위해,대인 관계-교제를 위해
53361865,20251119,F,30대,경기도,500이상700만원 미만,마음의 안정-휴식을 위해,없음
53361896,20251119,F,40대,전라북도,300이상500만원 미만,마음의 안정-휴식을 위해,없음
53361989,20251119,M,40대,울산광역시,300이상500만원 미만,대인 관계-교제를 위해,마음의 안정-휴식을 위해
53362286,20251119,M,50대,경기도,500이상700만원 미만,마음의 안정-휴식을 위해,남는 시간을 보내기 위해
53362565,20251119,M,40대,서울특별시,무응답,자기만족-즐거움을 위해,스트레스 해소를 위해
53362696,20251119,F,40대,전라남도,무응답,남는 시간을 보내기 위해,스트레스 해소를 위해
53363269,20251119,M,50대,서울특별시,무응답,마음의 안정-휴식을 위해,가족-지인 등과 시간을 보내기 위해
53363549,20251119,M,30대,울산광역시,무응답,자기 계발을 위해,마음의 안정-휴식을 위해
53363706,20251119,M,60대,경기도,300만원 미만,건강 관리를 위해,자기만족-즐거움을 위해
53363867,20251119,F,50대,인천광역시,500이상700만원 미만,자기만족-즐거움을 위해,대인 관계-교제를 위해
53363985,20251119,M,30대,인천광역시,무응답,스트레스 해소를 위해,가족-지인 등과 시간을 보내기 위해
53364059,20251119,M,40대,강원도,500이상700만원 미만,마음의 안정-휴식을 위해,자기만족-즐거움을 위해
53364251,20251119,M,60대,광주광역시,700만원 이상,건강 관리를 위해,대인 관계-교제를 위해
53364304,20251119,F,50대,경상북도,700만원 이상,건강 관리를 위해,대인 관계-교제를 위해
53364319,20251119,F,50대,전라남도,700만원 이상,마음의 안정-휴식을 위해,남는 시간을 보내기 위해
53364346,20251119,F,50대,서울특별시,700만원 이상,자기만족-즐거움을 위해,대인 관계-교제를 위해
53364383,20251119,M,60대,경기도,700만원 이상,건강 관리를 위해,대인 관계-교제를 위해
53364476,20251119,M,40대,부산광역시,300만원 미만,가족-지인 등과 시간을 보내기 위해,자기만족-즐거움을 위해
53364514,20251119,M,50대,인천광역시,무응답,자기만족-즐거움을 위해,건강 관리를 위해
53364559,20251119,M,50대,경기도,무응답,자기만족-즐거움을 위해,가족-지인 등과 시간을 보내기 위해
53364580,20251119,F,60대,광주광역시,300이상500만원 미만,자기만족-즐거움을 위해,건강 관리를 위해
53364644,20251119,F,30대,서울특별시,무응답,스트레스 해소를 위해,건강 관리를 위해
53364966,20251119,F,60대,경기도,무응답,자기만족-즐거움을 위해,마음의 안정-휴식을 위해
53364967,20251119,M,50대,경기도,500이상700만원 미만,마음의 안정-휴식을 위해,건강 관리를 위해
53364975,20251119,M,60대,경기도,무응답,건강 관리를 위해,가족-지인 등과 시간을 보내기 위해
53364997,20251119,M,50대,경기도,300이상500만원 미만,가족-지인 등과 시간을 보내기 위해,마음의 안정-휴식을 위해
53365114,20251119,F,40대,경상남도,500이상700만원 미만,스트레스 해소를 위해,자기만족-즐거움을 위해
53365295,20251119,M,30대,부산광역시,무응답,가족-지인 등과 시간을 보내기 위해,마음의 안정-휴식을 위해
53365370,20251119,F,40대,대전광역시,300만원 미만,자기 계발을 위해,스트레스 해소를 위해
53365372,20251119,M,40대,경기도,500이상700만원 미만,마음의 안정-휴식을 위해,가족-지인 등과 시간을 보내기 위해
53365495,20251119,F,40대,경기도,300이상500만원 미만,마음의 안정-휴식을 위해,스트레스 해소를 위해
53365727,20251119,F,50대,경기도,500이상700만원 미만,마음의 안정-휴식을 위해,대인 관계-교제를 위해
53365794,20251119,F,50대,인천광역시,700만원 이상,가족-지인 등과 시간을 보내기 위해,마음의 안정-휴식을 위해
53366158,20251119,M,40대,충청남도,무응답,자기 계발을 위해,남는 시간을 보내기 위해
53366480,20251119,M,50대,경기도,300이상500만원 미만,마음의 안정-휴식을 위해,자기만족-즐거움을 위해
53366685,20251119,M,60대,강원도,700만원 이상,대인 관계-교제를 위해,가족-지인 등과 시간을 보내기 위해
53367029,20251119,F,60대,경기도,무응답,가족-지인 등과 시간을 보내기 위해,자기만족-즐거움을 위해
53367199,20251119,F,60대,경기도,무응답,스트레스 해소를 위해,남는 시간을 보내기 위해
53367201,20251119,M,50대,서울특별시,700만원 이상,스트레스 해소를 위해,건강 관리를 위해
53367440,20251119,F,50대,경상북도,300이상500만원 미만,건강 관리를 위해,자기만족-즐거움을 위해
53367617,20251119,M,50대,대전광역시,700만원 이상,스트레스 해소를 위해,건강 관리를 위해
53367628,20251119,M,50대,부산광역시,700만원 이상,건강 관리를 위해,마음의 안정-휴식을 위해
53367737,20251119,F,40대,대전광역시,500이상700만원 미만,자기만족-즐거움을 위해,스트레스 해소를 위해
53367813,20251119,M,50대,서울특별시,700만원 이상,마음의 안정-휴식을 위해,대인 관계-교제를 위해
53368031,20251119,F,50대,경상남도,무응답,마음의 안정-휴식을 위해,건강 관리를 위해
53368140,20251119,M,50대,경기도,500이상700만원 미만,마음의 안정-휴식을 위해,가족-지인 등과 시간을 보내기 위해
53368195,20251119,M,60대,서울특별시,700만원 이상,마음의 안정-휴식을 위해,건강 관리를 위해
53368553,20251119,M,50대,경기도,700만원 이상,가족-지인 등과 시간을 보내기 위해,자기만족-즐거움을 위해
53368559,20251119,F,50대,경기도,무응답,가족-지인 등과 시간을 보내기 위해,마음의 안정-휴식을 위해
53368564,20251119,M,60대,경기도,무응답,대인 관계-교제를 위해,마음의 안정-휴식을 위해
53368760,20251119,M,60대,인천광역시,500이상700만원 미만,건강 관리를 위해,가족-지인 등과 시간을 보내기 위해
53368874,20251119,M,50대,인천광역시,700만원 이상,자기만족-즐거움을 위해,마음의 안정-휴식을 위해
53368923,20251119,F,60대,서울특별시,300이상500만원 미만,자기만족-즐거움을 위해,건강 관리를 위해
53369010,20251119,M,50대,서울특별시,무응답,건강 관리를 위해,없음
53369223,20251119,F,60대,서울특별시,무응답,자기만족-즐거움을 위해,마음의 안정-휴식을 위해
53369521,20251119,F,60대,대전광역시,무응답,건강 관리를 위해,스트레스 해소를 위해
53369552,20251119,M,30대,서울특별시,300이상500만원 미만,마음의 안정-휴식을 위해,자기만족-즐거움을 위해
53369695,20251119,M,40대,전라남도,무응답,자기만족-즐거움을 위해,스트레스 해소를 위해
53369754,20251119,F,30대,경기도,무응답,가족-지인 등과 시간을 보내기 위해,자기만족-즐거움을 위해
53369947,20251119,M,30대,충청북도,무응답,마음의 안정-휴식을 위해,자기 계발을 위해
53370016,20251119,M,60대,부산광역시,500이상700만원 미만,자기 계발을 위해,건강 관리를 위해
53370026,20251119,F,30대,인천광역시,300이상500만원 미만,가족-지인 등과 시간을 보내기 위해,자기만족-즐거움을 위해
53370110,20251119,F,60대,경기도,300이상500만원 미만,자기만족-즐거움을 위해,자기 계발을 위해
53370170,20251119,M,40대,경기도,500이상700만원 미만,스트레스 해소를 위해,마음의 안정-휴식을 위해
53370525,20251119,F,20대,부산광역시,무응답,대인 관계-교제를 위해,자기 계발을 위해
53370588,20251119,F,60대,강원도,700만원 이상,대인 관계-교제를 위해,자기만족-즐거움을 위해
53371069,20251119,F,30대,충청북도,500이상700만원 미만,마음의 안정-휴식을 위해,가족-지인 등과 시간을 보내기 위해
53371118,20251119,F,50대,경기도,300만원 미만,자기만족-즐거움을 위해,건강 관리를 위해
53371379,20251119,M,20대,서울특별시,700만원 이상,건강 관리를 위해,가족-지인 등과 시간을 보내기 위해
53371427,20251119,F,40대,강원도,무응답,대인 관계-교제를 위해,가족-지인 등과 시간을 보내기 위해
53371518,20251119,M,60대,서울특별시,무응답,마음의 안정-휴식을 위해,남는 시간을 보내기 위해
53371591,20251119,M,40대,울산광역시,무응답,가족-지인 등과 시간을 보내기 위해,건강 관리를 위해
53371757,20251119,F,60대,서울특별시,700만원 이상,가족-지인 등과 시간을 보내기 위해,건강 관리를 위해
53371793,20251119,M,30대,서울특별시,무응답,남는 시간을 보내기 위해,건강 관리를 위해
53371932,20251119,F,30대,대구광역시,무응답,스트레스 해소를 위해,건강 관리를 위해
53372038,20251119,M,50대,부산광역시,무응답,마음의 안정-휴식을 위해,가족-지인 등과 시간을 보내기 위해
53372256,20251119,F,60대,경상남도,700만원 이상,건강 관리를 위해,자기 계발을 위해
53372340,20251119,M,50대,서울특별시,무응답,마음의 안정-휴식을 위해,가족-지인 등과 시간을 보내기 위해
53372464,20251119,F,50대,경상남도,무응답,자기만족-즐거움을 위해,마음의 안정-휴식을 위해
53372536,20251119,M,40대,서울특별시,무응답,마음의 안정-휴식을 위해,자기만족-즐거움을 위해
53372955,20251119,M,60대,부산광역시,700만원 이상,가족-지인 등과 시간을 보내기 위해,자기만족-즐거움을 위해
53373276,20251119,M,50대,광주광역시,700만원 이상,자기만족-즐거움을 위해,가족-지인 등과 시간을 보내기 위해
53373433,20251119,M,50대,광주광역시,700만원 이상,건강 관리를 위해,자기만족-즐거움을 위해
53373680,20251119,M,40대,경기도,500이상700만원 미만,건강 관리를 위해,마음의 안정-휴식을 위해
53373796,20251119,F,30대,경기도,무응답,가족-지인 등과 시간을 보내기 위해,마음의 안정-휴식을 위해
53374416,20251119,F,40대,충청남도,무응답,스트레스 해소를 위해,건강 관리를 위해
53374490,20251119,M,50대,경기도,700만원 이상,마음의 안정-휴식을 위해,가족-지인 등과 시간을 보내기 위해
53374588,20251119,M,30대,인천광역시,700만원 이상,자기 계발을 위해,마음의 안정-휴식을 위해
53374670,20251119,F,30대,경상북도,무응답,스트레스 해소를 위해,자기만족-즐거움을 위해
53374931,20251119,M,60대,경기도,700만원 이상,건강 관리를 위해,가족-지인 등과 시간을 보내기 위해
53374969,20251119,M,30대,강원도,700만원 이상,대인 관계-교제를 위해,마음의 안정-휴식을 위해
53375031,20251119,M,50대,광주광역시,300이상500만원 미만,남는 시간을 보내기 위해,가족-지인 등과 시간을 보내기 위해
53375298,20251119,M,40대,서울특별시,300만원 미만,마음의 안정-휴식을 위해,스트레스 해소를 위해
53375531,20251119,M,40대,경기도,700만원 이상,가족-지인 등과 시간을 보내기 위해,대인 관계-교제를 위해
53375607,20251119,M,60대,서울특별시,500이상700만원 미만,자기만족-즐거움을 위해,남는 시간을 보내기 위해
53375798,20251119,M,50대,전라남도,500이상700만원 미만,마음의 안정-휴식을 위해,자기만족-즐거움을 위해
53375909,20251119,F,60대,경기도,무응답,건강 관리를 위해,가족-지인 등과 시간을 보내기 위해
53376218,20251119,F,60대,서울특별시,무응답,자기 계발을 위해,건강 관리를 위해
53376329,20251119,M,50대,경기도,무응답,스트레스 해소를 위해,자기 계발을 위해
53376648,20251119,F,40대,충청북도,700만원 이상,가족-지인 등과 시간을 보내기 위해,마음의 안정-휴식을 위해
53376878,20251119,M,40대,강원도,무응답,마음의 안정-휴식을 위해,가족-지인 등과 시간을 보내기 위해
53377093,20251119,M,60대,서울특별시,500이상700만원 미만,자기만족-즐거움을 위해,자기 계발을 위해
53377190,20251119,M,30대,서울특별시,무응답,스트레스 해소를 위해,건강 관리를 위해
53377433,20251119,M,50대,서울특별시,700만원 이상,건강 관리를 위해,자기 계발을 위해
69355,20251126,F,60대,세종특별자치시,300만원 미만,자기만족-즐거움을 위해,건강 관리를 위해
147287,20251126,F,60대,충청남도,300만원 미만,건강 관리를 위해,자기만족-즐거움을 위해
148550,20251126,F,60대,충청남도,500이상700만원 미만,마음의 안정-휴식을 위해,없음
166243,20251126,F,60대,대구광역시,무응답,건강 관리를 위해,자기만족-즐거움을 위해
177679,20251126,F,60대,경상북도,300이상500만원 미만,자기만족-즐거움을 위해,마음의 안정-휴식을 위해
240062,20251126,M,30대,경기도,300이상500만원 미만,남는 시간을 보내기 위해,마음의 안정-휴식을 위해
280091,20251126,F,60대,대구광역시,700만원 이상,마음의 안정-휴식을 위해,자기만족-즐거움을 위해
300769,20251126,F,60대,인천광역시,300이상500만원 미만,마음의 안정-휴식을 위해,남는 시간을 보내기 위해
308890,20251126,F,60대,경상남도,300이상500만원 미만,건강 관리를 위해,마음의 안정-휴식을 위해
349516,20251126,M,20대,경기도,무응답,마음의 안정-휴식을 위해,가족-지인 등과 시간을 보내기 위해
359820,20251126,M,20대,경기도,무응답,마음의 안정-휴식을 위해,자기만족-즐거움을 위해
360890,20251126,M,20대,서울특별시,무응답,자기만족-즐거움을 위해,마음의 안정-휴식을 위해
370130,20251126,M,20대,경기도,무응답,스트레스 해소를 위해,없음
396749,20251126,M,30대,경기도,무응답,자기만족-즐거움을 위해,가족-지인 등과 시간을 보내기 위해
409817,20251126,M,20대,서울특별시,무응답,가족-지인 등과 시간을 보내기 위해,남는 시간을 보내기 위해
411040,20251126,M,30대,경기도,300이상500만원 미만,남는 시간을 보내기 위해,마음의 안정-휴식을 위해
423985,20251126,M,20대,서울특별시,300이상500만원 미만,마음의 안정-휴식을 위해,스트레스 해소를 위해
424679,20251126,M,20대,경기도,700만원 이상,마음의 안정-휴식을 위해,남는 시간을 보내기 위해
428177,20251126,F,20대,경상북도,무응답,자기만족-즐거움을 위해,마음의 안정-휴식을 위해
429746,20251126,M,20대,인천광역시,무응답,대인 관계-교제를 위해,마음의 안정-휴식을 위해
431132,20251126,M,30대,충청남도,300만원 미만,스트레스 해소를 위해,마음의 안정-휴식을 위해
431274,20251126,F,20대,전라북도,무응답,마음의 안정-휴식을 위해,스트레스 해소를 위해
432154,20251126,M,20대,경기도,무응답,자기 계발을 위해,마음의 안정-휴식을 위해
432159,20251126,M,20대,서울특별시,무응답,남는 시간을 보내기 위해,스트레스 해소를 위해
432979,20251126,M,20대,경기도,무응답,자기만족-즐거움을 위해,남는 시간을 보내기 위해
434561,20251126,M,20대,서울특별시,무응답,건강 관리를 위해,대인 관계-교제를 위해
436102,20251126,M,20대,경기도,300이상500만원 미만,마음의 안정-휴식을 위해,대인 관계-교제를 위해
454602,20251126,F,20대,충청북도,무응답,마음의 안정-휴식을 위해,자기만족-즐거움을 위해
458314,20251126,M,20대,경기도,무응답,자기만족-즐거움을 위해,가족-지인 등과 시간을 보내기 위해
463168,20251126,F,20대,충청북도,700만원 이상,건강 관리를 위해,스트레스 해소를 위해
465381,20251126,M,20대,경기도,무응답,자기 계발을 위해,자기만족-즐거움을 위해
470077,20251126,F,20대,경기도,700만원 이상,자기 계발을 위해,마음의 안정-휴식을 위해
471994,20251126,M,20대,강원도,무응답,가족-지인 등과 시간을 보내기 위해,스트레스 해소를 위해
472839,20251126,M,20대,전라북도,무응답,남는 시간을 보내기 위해,자기만족-즐거움을 위해
478049,20251126,M,20대,인천광역시,무응답,마음의 안정-휴식을 위해,자기만족-즐거움을 위해
478599,20251126,M,30대,강원도,무응답,스트레스 해소를 위해,가족-지인 등과 시간을 보내기 위해
482330,20251126,M,20대,강원도,500이상700만원 미만,자기 계발을 위해,자기만족-즐거움을 위해
484556,20251126,M,20대,전라남도,무응답,스트레스 해소를 위해,가족-지인 등과 시간을 보내기 위해
484763,20251126,F,30대,경기도,무응답,자기만족-즐거움을 위해,마음의 안정-휴식을 위해
2954660,20251126,M,20대,경기도,무응답,남는 시간을 보내기 위해,없음
3091151,20251126,M,20대,서울특별시,무응답,마음의 안정-휴식을 위해,자기 계발을 위해
3125898,20251126,M,20대,전라남도,무응답,자기 계발을 위해,스트레스 해소를 위해
3146618,20251126,M,20대,부산광역시,무응답,스트레스 해소를 위해,마음의 안정-휴식을 위해
3223437,20251126,M,20대,대구광역시,300이상500만원 미만,남는 시간을 보내기 위해,없음
3237999,20251126,M,20대,대구광역시,무응답,자기만족-즐거움을 위해,남는 시간을 보내기 위해
3304802,20251126,M,20대,경기도,700만원 이상,대인 관계-교제를 위해,스트레스 해소를 위해
3308916,20251126,M,30대,경기도,500이상700만원 미만,가족-지인 등과 시간을 보내기 위해,마음의 안정-휴식을 위해
53322175,20251126,F,20대,서울특별시,무응답,스트레스 해소를 위해,자기 계발을 위해
53322254,20251126,M,50대,서울특별시,300이상500만원 미만,마음의 안정-휴식을 위해,스트레스 해소를 위해
53322306,20251126,M,50대,서울특별시,무응답,마음의 안정-휴식을 위해,가족-지인 등과 시간을 보내기 위해
53322648,20251126,F,50대,서울특별시,500이상700만원 미만,자기만족-즐거움을 위해,가족-지인 등과 시간을 보내기 위해
53322811,20251126,F,30대,서울특별시,700만원 이상,자기만족-즐거움을 위해,스트레스 해소를 위해
53322931,20251126,F,50대,서울특별시,700만원 이상,마음의 안정-휴식을 위해,스트레스 해소를 위해
53322936,20251126,F,60대,서울특별시,700만원 이상,가족-지인 등과 시간을 보내기 위해,마음의 안정-휴식을 위해
53323023,20251126,F,30대,서울특별시,500이상700만원 미만,스트레스 해소를 위해,마음의 안정-휴식을 위해
53323086,20251126,F,60대,서울특별시,300이상500만원 미만,건강 관리를 위해,자기만족-즐거움을 위해
53323407,20251126,M,60대,서울특별시,무응답,건강 관리를 위해,가족-지인 등과 시간을 보내기 위해
53323423,20251126,F,60대,서울특별시,300이상500만원 미만,건강 관리를 위해,자기 계발을 위해
53323462,20251126,M,30대,서울특별시,무응답,자기 계발을 위해,건강 관리를 위해
53323474,20251126,F,20대,서울특별시,무응답,마음의 안정-휴식을 위해,자기만족-즐거움을 위해
53323866,20251126,F,40대,서울특별시,700만원 이상,스트레스 해소를 위해,마음의 안정-휴식을 위해
53324024,20251126,M,60대,전라남도,500이상700만원 미만,마음의 안정-휴식을 위해,자기만족-즐거움을 위해
53324128,20251126,F,60대,서울특별시,무응답,건강 관리를 위해,가족-지인 등과 시간을 보내기 위해
53324165,20251126,F,40대,서울특별시,300이상500만원 미만,건강 관리를 위해,마음의 안정-휴식을 위해
53324328,20251126,F,50대,서울특별시,700만원 이상,대인 관계-교제를 위해,건강 관리를 위해
53324455,20251126,M,20대,서울특별시,무응답,건강 관리를 위해,자기만족-즐거움을 위해
53324602,20251126,M,60대,서울특별시,700만원 이상,마음의 안정-휴식을 위해,건강 관리를 위해
53324716,20251126,M,60대,서울특별시,700만원 이상,남는 시간을 보내기 위해,마음의 안정-휴식을 위해
53324923,20251126,M,60대,서울특별시,500이상700만원 미만,자기만족-즐거움을 위해,건강 관리를 위해
53325237,20251126,M,60대,서울특별시,700만원 이상,자기만족-즐거움을 위해,건강 관리를 위해
53325353,20251126,M,60대,서울특별시,무응답,건강 관리를 위해,자기만족-즐거움을 위해
53325400,20251126,M,60대,서울특별시,300이상500만원 미만,대인 관계-교제를 위해,가족-지인 등과 시간을 보내기 위해
53325557,20251126,F,50대,경기도,무응답,건강 관리를 위해,마음의 안정-휴식을 위해
53325654,20251126,F,30대,전라북도,무응답,스트레스 해소를 위해,마음의 안정-휴식을 위해
53325800,20251126,F,60대,경기도,300이상500만원 미만,마음의 안정-휴식을 위해,가족-지인 등과 시간을 보내기 위해
53325835,20251126,M,60대,부산광역시,300이상500만원 미만,가족-지인 등과 시간을 보내기 위해,마음의 안정-휴식을 위해
53325910,20251126,F,30대,경기도,무응답,마음의 안정-휴식을 위해,자기만족-즐거움을 위해
53326056,20251126,F,50대,충청남도,700만원 이상,마음의 안정-휴식을 위해,자기만족-즐거움을 위해
53326084,20251126,F,40대,인천광역시,300이상500만원 미만,마음의 안정-휴식을 위해,스트레스 해소를 위해
53326288,20251126,F,40대,경기도,500이상700만원 미만,자기만족-즐거움을 위해,대인 관계-교제를 위해
53326356,20251126,M,40대,부산광역시,300이상500만원 미만,자기만족-즐거움을 위해,대인 관계-교제를 위해
53326500,20251126,M,40대,경기도,500이상700만원 미만,마음의 안정-휴식을 위해,가족-지인 등과 시간을 보내기 위해
53326737,20251126,F,40대,전라북도,무응답,자기 계발을 위해,자기만족-즐거움을 위해
53326825,20251126,M,40대,경상남도,700만원 이상,가족-지인 등과 시간을 보내기 위해,자기만족-즐거움을 위해
53326899,20251126,M,50대,경기도,무응답,자기만족-즐거움을 위해,마음의 안정-휴식을 위해
53327012,20251126,F,60대,충청남도,700만원 이상,마음의 안정-휴식을 위해,자기만족-즐거움을 위해
53327079,20251126,F,50대,대구광역시,300이상500만원 미만,가족-지인 등과 시간을 보내기 위해,마음의 안정-휴식을 위해
53327087,20251126,M,60대,경상남도,무응답,자기만족-즐거움을 위해,건강 관리를 위해
53327310,20251126,M,60대,세종특별자치시,700만원 이상,가족-지인 등과 시간을 보내기 위해,자기만족-즐거움을 위해
53327364,20251126,M,50대,부산광역시,무응답,마음의 안정-휴식을 위해,남는 시간을 보내기 위해
53327579,20251126,F,50대,서울특별시,500이상700만원 미만,자기만족-즐거움을 위해,자기 계발을 위해
53327634,20251126,M,50대,전라남도,무응답,건강 관리를 위해,가족-지인 등과 시간을 보내기 위해
53327780,20251126,F,60대,부산광역시,무응답,스트레스 해소를 위해,건강 관리를 위해
53327932,20251126,M,30대,서울특별시,무응답,건강 관리를 위해,마음의 안정-휴식을 위해
53328008,20251126,M,40대,경기도,700만원 이상,스트레스 해소를 위해,자기만족-즐거움을 위해
53328036,20251126,M,40대,세종특별자치시,300이상500만원 미만,자기 계발을 위해,스트레스 해소를 위해
53328042,20251126,M,30대,경기도,무응답,건강 관리를 위해,마음의 안정-휴식을 위해
53328150,20251126,M,50대,광주광역시,700만원 이상,자기만족-즐거움을 위해,건강 관리를 위해
53328343,20251126,M,40대,경기도,700만원 이상,마음의 안정-휴식을 위해,가족-지인 등과 시간을 보내기 위해
53328653,20251126,M,40대,서울특별시,무응답,마음의 안정-휴식을 위해,건강 관리를 위해
53328926,20251126,F,20대,경상북도,700만원 이상,마음의 안정-휴식을 위해,가족-지인 등과 시간을 보내기 위해
53328966,20251126,M,20대,서울특별시,300이상500만원 미만,스트레스 해소를 위해,남는 시간을 보내기 위해
53329070,20251126,F,40대,서울특별시,500이상700만원 미만,마음의 안정-휴식을 위해,건강 관리를 위해
53329805,20251126,F,40대,대구광역시,500이상700만원 미만,자기만족-즐거움을 위해,마음의 안정-휴식을 위해
53329822,20251126,F,30대,경기도,무응답,마음의 안정-휴식을 위해,스트레스 해소를 위해
53330054,20251126,M,30대,서울특별시,무응답,스트레스 해소를 위해,대인 관계-교제를 위해
53330145,20251126,F,20대,경기도,무응답,마음의 안정-휴식을 위해,스트레스 해소를 위해
53330171,20251126,M,40대,충청북도,500이상700만원 미만,마음의 안정-휴식을 위해,스트레스 해소를 위해
53330238,20251126,M,40대,경기도,500이상700만원 미만,마음의 안정-휴식을 위해,스트레스 해소를 위해
53330320,20251126,F,40대,충청남도,무응답,가족-지인 등과 시간을 보내기 위해,마음의 안정-휴식을 위해
53330328,20251126,F,50대,경상남도,700만원 이상,마음의 안정-휴식을 위해,자기만족-즐거움을 위해
53330420,20251126,M,30대,경기도,무응답,마음의 안정-휴식을 위해,스트레스 해소를 위해
53330577,20251126,F,30대,경기도,무응답,스트레스 해소를 위해,자기 계발을 위해
53330618,20251126,F,30대,경기도,무응답,남는 시간을 보내기 위해,스트레스 해소를 위해
53330645,20251126,F,40대,전라북도,700만원 이상,자기만족-즐거움을 위해,대인 관계-교제를 위해
53330651,20251126,M,30대,경기도,무응답,자기만족-즐거움을 위해,마음의 안정-휴식을 위해
53330721,20251126,F,50대,경상북도,500이상700만원 미만,가족-지인 등과 시간을 보내기 위해,자기만족-즐거움을 위해
53330775,20251126,M,40대,경기도,500이상700만원 미만,가족-지인 등과 시간을 보내기 위해,자기만족-즐거움을 위해
53330910,20251126,M,50대,강원도,무응답,자기 계발을 위해,건강 관리를 위해
53330919,20251126,M,30대,경기도,500이상700만원 미만,자기만족-즐거움을 위해,스트레스 해소를 위해
53330944,20251126,M,60대,서울특별시,700만원 이상,가족-지인 등과 시간을 보내기 위해,마음의 안정-휴식을 위해
53330978,20251126,M,50대,경기도,무응답,마음의 안정-휴식을 위해,대인 관계-교제를 위해
53331178,20251126,M,30대,전라북도,700만원 이상,건강 관리를 위해,없음
53331264,20251126,M,30대,전라북도,500이상700만원 미만,마음의 안정-휴식을 위해,가족-지인 등과 시간을 보내기 위해
53331732,20251126,M,60대,서울특별시,300이상500만원 미만,건강 관리를 위해,대인 관계-교제를 위해
53331795,20251126,M,20대,전라남도,300이상500만원 미만,마음의 안정-휴식을 위해,자기 계발을 위해
53331914,20251126,F,60대,서울특별시,무응답,건강 관리를 위해,자기 계발을 위해
53331966,20251126,F,60대,경기도,무응답,건강 관리를 위해,자기 계발을 위해
53332020,20251126,M,60대,경기도,300만원 미만,건강 관리를 위해,없음
53332069,20251126,F,40대,서울특별시,700만원 이상,가족-지인 등과 시간을 보내기 위해,건강 관리를 위해
53332367,20251126,F,60대,경기도,무응답,마음의 안정-휴식을 위해,건강 관리를 위해
53332621,20251126,F,50대,경기도,500이상700만원 미만,마음의 안정-휴식을 위해,스트레스 해소를 위해
53332672,20251126,F,20대,전라남도,무응답,스트레스 해소를 위해,자기만족-즐거움을 위해
53332673,20251126,M,20대,대구광역시,무응답,가족-지인 등과 시간을 보내기 위해,스트레스 해소를 위해
53332778,20251126,M,60대,경상북도,500이상700만원 미만,마음의 안정-휴식을 위해,가족-지인 등과 시간을 보내기 위해
53332974,20251126,M,30대,경기도,무응답,자기만족-즐거움을 위해,스트레스 해소를 위해
53333010,20251126,M,50대,인천광역시,700만원 이상,마음의 안정-휴식을 위해,스트레스 해소를 위해
53333106,20251126,M,60대,인천광역시,700만원 이상,마음의 안정-휴식을 위해,대인 관계-교제를 위해
53333376,20251126,F,60대,대구광역시,무응답,남는 시간을 보내기 위해,가족-지인 등과 시간을 보내기 위해
53333443,20251126,M,40대,인천광역시,무응답,마음의 안정-휴식을 위해,대인 관계-교제를 위해
53333644,20251126,F,30대,강원도,무응답,자기 계발을 위해,마음의 안정-휴식을 위해
53333848,20251126,M,50대,경기도,500이상700만원 미만,마음의 안정-휴식을 위해,가족-지인 등과 시간을 보내기 위해
53333976,20251126,M,20대,경기도,무응답,자기만족-즐거움을 위해,스트레스 해소를 위해
53334004,20251126,M,20대,전라남도,무응답,스트레스 해소를 위해,마음의 안정-휴식을 위해
53334057,20251126,F,40대,전라남도,700만원 이상,마음의 안정-휴식을 위해,가족-지인 등과 시간을 보내기 위해
53334471,20251126,F,20대,경기도,무응답,자기 계발을 위해,남는 시간을 보내기 위해
53334508,20251126,M,20대,대전광역시,무응답,남는 시간을 보내기 위해,마음의 안정-휴식을 위해
53334565,20251126,F,20대,경기도,무응답,자기만족-즐거움을 위해,마음의 안정-휴식을 위해
53334581,20251126,F,30대,경기도,500이상700만원 미만,자기만족-즐거움을 위해,가족-지인 등과 시간을 보내기 위해
53334718,20251126,M,60대,서울특별시,500이상700만원 미만,가족-지인 등과 시간을 보내기 위해,자기만족-즐거움을 위해
53334821,20251126,F,40대,대구광역시,무응답,마음의 안정-휴식을 위해,가족-지인 등과 시간을 보내기 위해
53335094,20251126,F,50대,서울특별시,무응답,마음의 안정-휴식을 위해,가족-지인 등과 시간을 보내기 위해
53335149,20251126,M,50대,부산광역시,무응답,마음의 안정-휴식을 위해,없음
53335150,20251126,M,50대,대구광역시,500이상700만원 미만,가족-지인 등과 시간을 보내기 위해,대인 관계-교제를 위해
53335414,20251126,F,40대,인천광역시,무응답,마음의 안정-휴식을 위해,가족-지인 등과 시간을 보내기 위해
53335462,20251126,F,40대,경기도,700만원 이상,자기만족-즐거움을 위해,스트레스 해소를 위해
53335539,20251126,M,30대,대전광역시,500이상700만원 미만,남는 시간을 보내기 위해,가족-지인 등과 시간을 보내기 위해
53335557,20251126,F,20대,경기도,무응답,스트레스 해소를 위해,자기만족-즐거움을 위해
53335753,20251126,M,50대,경기도,무응답,스트레스 해소를 위해,남는 시간을 보내기 위해
53335813,20251126,F,30대,부산광역시,500이상700만원 미만,건강 관리를 위해,스트레스 해소를 위해
53335951,20251126,M,20대,경기도,무응답,스트레스 해소를 위해,자기만족-즐거움을 위해
53336054,20251126,F,40대,대구광역시,700만원 이상,남는 시간을 보내기 위해,마음의 안정-휴식을 위해
53336268,20251126,M,40대,충청남도,700만원 이상,건강 관리를 위해,스트레스 해소를 위해
53336284,20251126,F,30대,인천광역시,500이상700만원 미만,대인 관계-교제를 위해,없음
53336433,20251126,M,30대,경기도,무응답,남는 시간을 보내기 위해,마음의 안정-휴식을 위해
53336453,20251126,M,40대,전라북도,무응답,가족-지인 등과 시간을 보내기 위해,마음의 안정-휴식을 위해
53336654,20251126,F,60대,서울특별시,무응답,마음의 안정-휴식을 위해,자기만족-즐거움을 위해
53336721,20251126,F,60대,부산광역시,300이상500만원 미만,건강 관리를 위해,자기만족-즐거움을 위해
53336738,20251126,F,30대,울산광역시,무응답,마음의 안정-휴식을 위해,가족-지인 등과 시간을 보내기 위해
53336750,20251126,M,60대,경기도,무응답,가족-지인 등과 시간을 보내기 위해,대인 관계-교제를 위해
53336966,20251126,F,60대,경기도,700만원 이상,마음의 안정-휴식을 위해,자기 계발을 위해
53336977,20251126,M,30대,경기도,700만원 이상,남는 시간을 보내기 위해,가족-지인 등과 시간을 보내기 위해
53337001,20251126,M,60대,서울특별시,300이상500만원 미만,자기만족-즐거움을 위해,마음의 안정-휴식을 위해
53337002,20251126,F,40대,인천광역시,700만원 이상,건강 관리를 위해,스트레스 해소를 위해
53337032,20251126,M,40대,경기도,700만원 이상,스트레스 해소를 위해,마음의 안정-휴식을 위해
53337090,20251126,M,50대,경기도,무응답,자기만족-즐거움을 위해,건강 관리를 위해
53337230,20251126,M,30대,충청북도,무응답,자기 계발을 위해,마음의 안정-휴식을 위해
53337263,20251126,M,50대,서울특별시,700만원 이상,건강 관리를 위해,자기 계발을 위해
53337446,20251126,M,50대,경기도,무응답,스트레스 해소를 위해,자기만족-즐거움을 위해
53337519,20251126,F,30대,경기도,무응답,스트레스 해소를 위해,대인 관계-교제를 위해
53337575,20251126,M,60대,경기도,500이상700만원 미만,마음의 안정-휴식을 위해,자기 계발을 위해
53337615,20251126,F,40대,부산광역시,무응답,마음의 안정-휴식을 위해,없음
53337649,20251126,M,50대,경기도,500이상700만원 미만,자기만족-즐거움을 위해,마음의 안정-휴식을 위해
53337661,20251126,M,30대,광주광역시,무응답,마음의 안정-휴식을 위해,자기만족-즐거움을 위해
53337694,20251126,F,50대,경기도,무응답,마음의 안정-휴식을 위해,건강 관리를 위해
53337781,20251126,F,30대,전라남도,300이상500만원 미만,마음의 안정-휴식을 위해,가족-지인 등과 시간을 보내기 위해
53337800,20251126,F,30대,전라남도,500이상700만원 미만,가족-지인 등과 시간을 보내기 위해,자기만족-즐거움을 위해
53337951,20251126,F,60대,경상남도,300이상500만원 미만,건강 관리를 위해,자기 계발을 위해
53338059,20251126,F,50대,인천광역시,500이상700만원 미만,가족-지인 등과 시간을 보내기 위해,건강 관리를 위해
53338199,20251126,M,40대,대전광역시,700만원 이상,스트레스 해소를 위해,자기만족-즐거움을 위해
53338271,20251126,F,60대,경상남도,500이상700만원 미만,대인 관계-교제를 위해,가족-지인 등과 시간을 보내기 위해
53338283,20251126,M,40대,경기도,무응답,스트레스 해소를 위해,가족-지인 등과 시간을 보내기 위해
53338350,20251126,M,60대,부산광역시,무응답,건강 관리를 위해,가족-지인 등과 시간을 보내기 위해
53338544,20251126,M,60대,서울특별시,무응답,가족-지인 등과 시간을 보내기 위해,자기만족-즐거움을 위해
53338715,20251126,M,40대,서울특별시,700만원 이상,가족-지인 등과 시간을 보내기 위해,자기 계발을 위해
53338735,20251126,M,40대,서울특별시,700만원 이상,가족-지인 등과 시간을 보내기 위해,자기만족-즐거움을 위해
53338981,20251126,F,50대,서울특별시,500이상700만원 미만,마음의 안정-휴식을 위해,건강 관리를 위해
53339120,20251126,F,40대,울산광역시,무응답,마음의 안정-휴식을 위해,스트레스 해소를 위해
53339316,20251126,M,50대,서울특별시,700만원 이상,마음의 안정-휴식을 위해,가족-지인 등과 시간을 보내기 위해
53339365,20251126,M,60대,경기도,700만원 이상,마음의 안정-휴식을 위해,가족-지인 등과 시간을 보내기 위해
53339391,20251126,F,20대,충청남도,700만원 이상,가족-지인 등과 시간을 보내기 위해,마음의 안정-휴식을 위해
53339498,20251126,M,30대,세종특별자치시,700만원 이상,가족-지인 등과 시간을 보내기 위해,건강 관리를 위해
53339542,20251126,M,50대,경상남도,700만원 이상,마음의 안정-휴식을 위해,건강 관리를 위해
53339732,20251126,F,40대,인천광역시,500이상700만원 미만,건강 관리를 위해,마음의 안정-휴식을 위해
53340026,20251126,F,60대,광주광역시,700만원 이상,가족-지인 등과 시간을 보내기 위해,건강 관리를 위해
53340118,20251126,F,40대,부산광역시,무응답,마음의 안정-휴식을 위해,스트레스 해소를 위해
53340175,20251126,F,60대,경기도,무응답,자기만족-즐거움을 위해,건강 관리를 위해
53340324,20251126,F,60대,경기도,300만원 미만,마음의 안정-휴식을 위해,자기만족-즐거움을 위해
53340395,20251126,F,50대,충청남도,700만원 이상,가족-지인 등과 시간을 보내기 위해,스트레스 해소를 위해
53340519,20251126,M,50대,대구광역시,700만원 이상,자기 계발을 위해,마음의 안정-휴식을 위해
53340579,20251126,F,60대,전라남도,무응답,건강 관리를 위해,마음의 안정-휴식을 위해
53340860,20251126,M,30대,경기도,300이상500만원 미만,가족-지인 등과 시간을 보내기 위해,자기 계발을 위해
53341072,20251126,M,30대,경상남도,무응답,마음의 안정-휴식을 위해,가족-지인 등과 시간을 보내기 위해
53341125,20251126,F,30대,서울특별시,무응답,남는 시간을 보내기 위해,건강 관리를 위해
53341146,20251126,F,20대,서울특별시,300이상500만원 미만,가족-지인 등과 시간을 보내기 위해,스트레스 해소를 위해
53341203,20251126,M,60대,강원도,700만원 이상,가족-지인 등과 시간을 보내기 위해,대인 관계-교제를 위해
53341222,20251126,M,40대,광주광역시,무응답,남는 시간을 보내기 위해,없음
53341788,20251126,M,40대,경상북도,무응답,가족-지인 등과 시간을 보내기 위해,스트레스 해소를 위해
53341801,20251126,M,40대,전라남도,700만원 이상,스트레스 해소를 위해,마음의 안정-휴식을 위해
53341954,20251126,F,30대,대전광역시,300이상500만원 미만,마음의 안정-휴식을 위해,스트레스 해소를 위해
53341966,20251126,M,50대,대구광역시,무응답,자기만족-즐거움을 위해,마음의 안정-휴식을 위해
53341976,20251126,F,40대,충청북도,무응답,스트레스 해소를 위해,가족-지인 등과 시간을 보내기 위해
53342073,20251126,F,40대,충청북도,700만원 이상,자기만족-즐거움을 위해,가족-지인 등과 시간을 보내기 위해
53342088,20251126,F,40대,경기도,700만원 이상,가족-지인 등과 시간을 보내기 위해,마음의 안정-휴식을 위해
53342138,20251126,M,60대,서울특별시,무응답,가족-지인 등과 시간을 보내기 위해,마음의 안정-휴식을 위해
53342428,20251126,M,40대,경기도,300만원 미만,스트레스 해소를 위해,건강 관리를 위해
53342479,20251126,M,50대,인천광역시,700만원 이상,스트레스 해소를 위해,가족-지인 등과 시간을 보내기 위해
53342656,20251126,M,50대,경상북도,무응답,대인 관계-교제를 위해,스트레스 해소를 위해
53342771,20251126,F,40대,인천광역시,300이상500만원 미만,스트레스 해소를 위해,자기만족-즐거움을 위해
53342877,20251126,M,50대,서울특별시,무응답,가족-지인 등과 시간을 보내기 위해,마음의 안정-휴식을 위해
53342936,20251126,M,50대,인천광역시,300이상500만원 미만,대인 관계-교제를 위해,스트레스 해소를 위해
53342965,20251126,F,20대,경기도,무응답,가족-지인 등과 시간을 보내기 위해,자기만족-즐거움을 위해
53342976,20251126,M,30대,경상북도,무응답,마음의 안정-휴식을 위해,스트레스 해소를 위해
53343282,20251126,M,30대,경기도,500이상700만원 미만,가족-지인 등과 시간을 보내기 위해,자기만족-즐거움을 위해
53343549,20251126,F,60대,경상남도,300만원 미만,건강 관리를 위해,자기만족-즐거움을 위해
53343575,20251126,F,50대,광주광역시,700만원 이상,가족-지인 등과 시간을 보내기 위해,자기만족-즐거움을 위해
53343631,20251126,M,60대,서울특별시,700만원 이상,건강 관리를 위해,가족-지인 등과 시간을 보내기 위해
53343943,20251126,M,60대,경기도,무응답,스트레스 해소를 위해,가족-지인 등과 시간을 보내기 위해
53344000,20251126,F,40대,경기도,500이상700만원 미만,마음의 안정-휴식을 위해,스트레스 해소를 위해
53344073,20251126,M,50대,경기도,무응답,마음의 안정-휴식을 위해,없음
53344101,20251126,M,30대,충청북도,무응답,스트레스 해소를 위해,건강 관리를 위해
53344197,20251126,M,30대,경기도,500이상700만원 미만,가족-지인 등과 시간을 보내기 위해,자기만족-즐거움을 위해
53344301,20251126,M,30대,전라북도,무응답,마음의 안정-휴식을 위해,스트레스 해소를 위해
53344306,20251126,M,40대,부산광역시,300이상500만원 미만,가족-지인 등과 시간을 보내기 위해,자기만족-즐거움을 위해
53344489,20251126,F,40대,경상남도,무응답,자기만족-즐거움을 위해,마음의 안정-휴식을 위해
53344491,20251126,M,50대,대전광역시,700만원 이상,마음의 안정-휴식을 위해,자기만족-즐거움을 위해
53344596,20251126,F,40대,경기도,무응답,가족-지인 등과 시간을 보내기 위해,대인 관계-교제를 위해
53344841,20251126,M,40대,경기도,700만원 이상,자기만족-즐거움을 위해,스트레스 해소를 위해
53344937,20251126,M,60대,서울특별시,700만원 이상,건강 관리를 위해,대인 관계-교제를 위해
53345129,20251126,M,40대,경기도,700만원 이상,마음의 안정-휴식을 위해,가족-지인 등과 시간을 보내기 위해
53345185,20251126,F,50대,대전광역시,700만원 이상,건강 관리를 위해,남는 시간을 보내기 위해
53345408,20251126,M,30대,경기도,700만원 이상,마음의 안정-휴식을 위해,가족-지인 등과 시간을 보내기 위해
53345458,20251126,M,30대,경상북도,무응답,스트레스 해소를 위해,없음
53345695,20251126,M,60대,경상남도,300이상500만원 미만,건강 관리를 위해,대인 관계-교제를 위해
53345787,20251126,M,50대,전라북도,무응답,자기 계발을 위해,스트레스 해소를 위해
53345879,20251126,F,50대,충청북도,300이상500만원 미만,마음의 안정-휴식을 위해,건강 관리를 위해
53346277,20251126,F,50대,대구광역시,무응답,자기만족-즐거움을 위해,스트레스 해소를 위해
53346310,20251126,M,40대,대구광역시,무응답,가족-지인 등과 시간을 보내기 위해,자기 계발을 위해
53346431,20251126,M,20대,경기도,무응답,스트레스 해소를 위해,대인 관계-교제를 위해
53346545,20251126,M,30대,제주특별자치도,300이상500만원 미만,남는 시간을 보내기 위해,자기만족-즐거움을 위해
53346592,20251126,M,50대,광주광역시,500이상700만원 미만,자기 계발을 위해,남는 시간을 보내기 위해
53346820,20251126,F,50대,대전광역시,무응답,자기만족-즐거움을 위해,스트레스 해소를 위해
53346921,20251126,F,20대,인천광역시,무응답,자기만족-즐거움을 위해,가족-지인 등과 시간을 보내기 위해
53346953,20251126,F,50대,경상남도,무응답,마음의 안정-휴식을 위해,건강 관리를 위해
53346958,20251126,M,30대,부산광역시,700만원 이상,마음의 안정-휴식을 위해,대인 관계-교제를 위해
53347234,20251126,M,30대,충청남도,500이상700만원 미만,가족-지인 등과 시간을 보내기 위해,대인 관계-교제를 위해
53347366,20251126,M,50대,울산광역시,300이상500만원 미만,가족-지인 등과 시간을 보내기 위해,스트레스 해소를 위해
53347581,20251126,F,30대,충청남도,500이상700만원 미만,마음의 안정-휴식을 위해,자기만족-즐거움을 위해
53347763,20251126,F,40대,대구광역시,무응답,마음의 안정-휴식을 위해,가족-지인 등과 시간을 보내기 위해
53347906,20251126,F,60대,경기도,700만원 이상,자기 계발을 위해,마음의 안정-휴식을 위해
53347962,20251126,F,30대,강원도,500이상700만원 미만,가족-지인 등과 시간을 보내기 위해,자기만족-즐거움을 위해
53348006,20251126,F,30대,대전광역시,무응답,마음의 안정-휴식을 위해,스트레스 해소를 위해
53348009,20251126,M,60대,경상남도,500이상700만원 미만,가족-지인 등과 시간을 보내기 위해,남는 시간을 보내기 위해
53348074,20251126,F,60대,경기도,300이상500만원 미만,건강 관리를 위해,가족-지인 등과 시간을 보내기 위해
53348153,20251126,F,40대,경상남도,무응답,가족-지인 등과 시간을 보내기 위해,마음의 안정-휴식을 위해
53348324,20251126,M,50대,부산광역시,500이상700만원 미만,가족-지인 등과 시간을 보내기 위해,건강 관리를 위해
53348432,20251126,F,40대,경기도,무응답,자기만족-즐거움을 위해,마음의 안정-휴식을 위해
53348592,20251126,F,50대,대구광역시,500이상700만원 미만,가족-지인 등과 시간을 보내기 위해,자기만족-즐거움을 위해
53348784,20251126,F,60대,서울특별시,700만원 이상,스트레스 해소를 위해,마음의 안정-휴식을 위해
53348874,20251126,M,50대,경기도,700만원 이상,마음의 안정-휴식을 위해,가족-지인 등과 시간을 보내기 위해
53349005,20251126,M,50대,경기도,무응답,건강 관리를 위해,마음의 안정-휴식을 위해
53349036,20251126,F,40대,서울특별시,300이상500만원 미만,마음의 안정-휴식을 위해,스트레스 해소를 위해
53349098,20251126,M,40대,부산광역시,700만원 이상,가족-지인 등과 시간을 보내기 위해,스트레스 해소를 위해
53349112,20251126,M,30대,전라남도,무응답,마음의 안정-휴식을 위해,건강 관리를 위해
53349204,20251126,F,20대,경기도,무응답,스트레스 해소를 위해,자기만족-즐거움을 위해
53349416,20251126,F,30대,전라북도,700만원 이상,마음의 안정-휴식을 위해,가족-지인 등과 시간을 보내기 위해
53349490,20251126,F,20대,경상북도,700만원 이상,자기만족-즐거움을 위해,마음의 안정-휴식을 위해
53349524,20251126,M,40대,울산광역시,700만원 이상,자기 계발을 위해,마음의 안정-휴식을 위해
53349528,20251126,F,40대,경기도,500이상700만원 미만,자기만족-즐거움을 위해,대인 관계-교제를 위해
53349529,20251126,F,60대,서울특별시,300이상500만원 미만,자기 계발을 위해,대인 관계-교제를 위해
53349615,20251126,M,60대,울산광역시,무응답,가족-지인 등과 시간을 보내기 위해,건강 관리를 위해
53349921,20251126,F,30대,경상남도,무응답,건강 관리를 위해,가족-지인 등과 시간을 보내기 위해
53350046,20251126,M,60대,서울특별시,700만원 이상,건강 관리를 위해,자기만족-즐거움을 위해
53350132,20251126,F,60대,경기도,무응답,마음의 안정-휴식을 위해,건강 관리를 위해
53350174,20251126,M,40대,부산광역시,무응답,가족-지인 등과 시간을 보내기 위해,기타
53350216,20251126,F,60대,경상북도,무응답,마음의 안정-휴식을 위해,건강 관리를 위해
53350242,20251126,F,50대,경기도,700만원 이상,마음의 안정-휴식을 위해,스트레스 해소를 위해
53350255,20251126,F,50대,부산광역시,500이상700만원 미만,마음의 안정-휴식을 위해,자기만족-즐거움을 위해
53350280,20251126,M,20대,서울특별시,500이상700만원 미만,스트레스 해소를 위해,남는 시간을 보내기 위해
53350791,20251126,M,60대,충청남도,700만원 이상,자기만족-즐거움을 위해,마음의 안정-휴식을 위해
53350928,20251126,F,50대,부산광역시,300이상500만원 미만,마음의 안정-휴식을 위해,자기만족-즐거움을 위해
53350934,20251126,M,40대,경상남도,300이상500만원 미만,마음의 안정-휴식을 위해,가족-지인 등과 시간을 보내기 위해
53350963,20251126,F,50대,대전광역시,700만원 이상,마음의 안정-휴식을 위해,자기 계발을 위해
53351005,20251126,F,40대,경상북도,700만원 이상,마음의 안정-휴식을 위해,남는 시간을 보내기 위해
53351105,20251126,F,50대,경기도,무응답,자기만족-즐거움을 위해,스트레스 해소를 위해
53351111,20251126,F,50대,제주특별자치도,무응답,건강 관리를 위해,남는 시간을 보내기 위해
53351240,20251126,F,50대,서울특별시,700만원 이상,마음의 안정-휴식을 위해,자기만족-즐거움을 위해
53351312,20251126,F,40대,경상남도,700만원 이상,자기만족-즐거움을 위해,마음의 안정-휴식을 위해
53351390,20251126,F,20대,충청북도,300이상500만원 미만,건강 관리를 위해,없음
53351397,20251126,F,20대,경상북도,700만원 이상,자기만족-즐거움을 위해,마음의 안정-휴식을 위해
53351436,20251126,F,50대,경상남도,700만원 이상,마음의 안정-휴식을 위해,자기만족-즐거움을 위해
53351569,20251126,M,60대,강원도,700만원 이상,건강 관리를 위해,없음
53351577,20251126,M,60대,서울특별시,무응답,건강 관리를 위해,자기만족-즐거움을 위해
53351655,20251126,F,40대,경상남도,500이상700만원 미만,건강 관리를 위해,마음의 안정-휴식을 위해
53351680,20251126,F,60대,경기도,300이상500만원 미만,마음의 안정-휴식을 위해,건강 관리를 위해
53351759,20251126,F,50대,강원도,500이상700만원 미만,건강 관리를 위해,마음의 안정-휴식을 위해
53351911,20251126,M,60대,광주광역시,300이상500만원 미만,대인 관계-교제를 위해,건강 관리를 위해
53351998,20251126,M,60대,서울특별시,700만원 이상,가족-지인 등과 시간을 보내기 위해,마음의 안정-휴식을 위해
53352076,20251126,M,60대,경상남도,700만원 이상,마음의 안정-휴식을 위해,가족-지인 등과 시간을 보내기 위해
53352131,20251126,M,50대,부산광역시,무응답,가족-지인 등과 시간을 보내기 위해,마음의 안정-휴식을 위해
53352258,20251126,F,40대,경상북도,300이상500만원 미만,마음의 안정-휴식을 위해,자기만족-즐거움을 위해
53352267,20251126,F,50대,서울특별시,무응답,마음의 안정-휴식을 위해,대인 관계-교제를 위해
53352416,20251126,F,40대,인천광역시,500이상700만원 미만,가족-지인 등과 시간을 보내기 위해,자기 계발을 위해
53352505,20251126,M,60대,서울특별시,무응답,자기만족-즐거움을 위해,대인 관계-교제를 위해
53352518,20251126,F,40대,충청남도,무응답,대인 관계-교제를 위해,가족-지인 등과 시간을 보내기 위해
53352568,20251126,F,60대,인천광역시,500이상700만원 미만,마음의 안정-휴식을 위해,스트레스 해소를 위해
53352834,20251126,M,50대,서울특별시,무응답,가족-지인 등과 시간을 보내기 위해,마음의 안정-휴식을 위해
53352988,20251126,M,50대,경상남도,300이상500만원 미만,가족-지인 등과 시간을 보내기 위해,마음의 안정-휴식을 위해
53353255,20251126,M,30대,전라북도,700만원 이상,자기만족-즐거움을 위해,마음의 안정-휴식을 위해
53353379,20251126,F,30대,서울특별시,500이상700만원 미만,대인 관계-교제를 위해,자기 계발을 위해
53353600,20251126,M,60대,부산광역시,700만원 이상,건강 관리를 위해,마음의 안정-휴식을 위해
53353796,20251126,M,30대,경기도,무응답,자기만족-즐거움을 위해,없음
53353797,20251126,M,50대,경기도,300이상500만원 미만,건강 관리를 위해,대인 관계-교제를 위해
53354006,20251126,F,40대,부산광역시,500이상700만원 미만,마음의 안정-휴식을 위해,가족-지인 등과 시간을 보내기 위해
53354008,20251126,F,40대,서울특별시,무응답,자기만족-즐거움을 위해,마음의 안정-휴식을 위해
53354047,20251126,F,30대,서울특별시,무응답,자기만족-즐거움을 위해,마음의 안정-휴식을 위해
53354215,20251126,F,20대,경상북도,무응답,자기만족-즐거움을 위해,마음의 안정-휴식을 위해
53354512,20251126,F,20대,경기도,무응답,자기만족-즐거움을 위해,마음의 안정-휴식을 위해
53354821,20251126,F,30대,대구광역시,무응답,가족-지인 등과 시간을 보내기 위해,스트레스 해소를 위해
53354844,20251126,F,30대,경상북도,500이상700만원 미만,스트레스 해소를 위해,없음
53354912,20251126,M,50대,경기도,700만원 이상,마음의 안정-휴식을 위해,자기 계발을 위해
53354979,20251126,M,20대,경기도,700만원 이상,자기만족-즐거움을 위해,가족-지인 등과 시간을 보내기 위해
53355287,20251126,M,40대,강원도,500이상700만원 미만,가족-지인 등과 시간을 보내기 위해,마음의 안정-휴식을 위해
53355449,20251126,F,30대,부산광역시,무응답,마음의 안정-휴식을 위해,남는 시간을 보내기 위해
53355461,20251126,M,20대,서울특별시,무응답,마음의 안정-휴식을 위해,스트레스 해소를 위해
53355547,20251126,M,30대,서울특별시,700만원 이상,가족-지인 등과 시간을 보내기 위해,자기만족-즐거움을 위해
53355572,20251126,F,40대,경기도,700만원 이상,자기만족-즐거움을 위해,스트레스 해소를 위해
53355605,20251126,F,30대,부산광역시,무응답,가족-지인 등과 시간을 보내기 위해,자기만족-즐거움을 위해
53355667,20251126,M,60대,대전광역시,500이상700만원 미만,스트레스 해소를 위해,마음의 안정-휴식을 위해
53356151,20251126,M,50대,경기도,700만원 이상,건강 관리를 위해,마음의 안정-휴식을 위해
53356210,20251126,F,50대,울산광역시,무응답,마음의 안정-휴식을 위해,스트레스 해소를 위해
53356429,20251126,F,30대,서울특별시,300이상500만원 미만,자기만족-즐거움을 위해,가족-지인 등과 시간을 보내기 위해
53356915,20251126,M,60대,서울특별시,700만원 이상,자기 계발을 위해,마음의 안정-휴식을 위해
53356918,20251126,F,30대,경기도,300이상500만원 미만,마음의 안정-휴식을 위해,스트레스 해소를 위해
53357031,20251126,F,40대,인천광역시,300이상500만원 미만,자기 계발을 위해,자기만족-즐거움을 위해
53357072,20251126,F,20대,경기도,무응답,자기만족-즐거움을 위해,마음의 안정-휴식을 위해
53357115,20251126,F,30대,대전광역시,무응답,건강 관리를 위해,자기만족-즐거움을 위해
53357169,20251126,M,20대,전라북도,700만원 이상,자기만족-즐거움을 위해,가족-지인 등과 시간을 보내기 위해
53357179,20251126,M,50대,경상남도,500이상700만원 미만,마음의 안정-휴식을 위해,대인 관계-교제를 위해
53357470,20251126,F,60대,부산광역시,무응답,자기만족-즐거움을 위해,마음의 안정-휴식을 위해
53357542,20251126,F,40대,경기도,300이상500만원 미만,마음의 안정-휴식을 위해,가족-지인 등과 시간을 보내기 위해
53357544,20251126,F,20대,경상북도,무응답,가족-지인 등과 시간을 보내기 위해,스트레스 해소를 위해
53357591,20251126,M,30대,울산광역시,무응답,마음의 안정-휴식을 위해,가족-지인 등과 시간을 보내기 위해
53357722,20251126,F,50대,대구광역시,300이상500만원 미만,대인 관계-교제를 위해,스트레스 해소를 위해
53357746,20251126,M,40대,경기도,700만원 이상,가족-지인 등과 시간을 보내기 위해,대인 관계-교제를 위해
53357759,20251126,F,30대,인천광역시,700만원 이상,가족-지인 등과 시간을 보내기 위해,자기만족-즐거움을 위해
53357895,20251126,M,40대,충청북도,300만원 미만,가족-지인 등과 시간을 보내기 위해,건강 관리를 위해
53358038,20251126,M,50대,경상남도,700만원 이상,건강 관리를 위해,자기만족-즐거움을 위해
53358169,20251126,F,30대,충청북도,500이상700만원 미만,마음의 안정-휴식을 위해,스트레스 해소를 위해
53358518,20251126,F,40대,서울특별시,700만원 이상,가족-지인 등과 시간을 보내기 위해,대인 관계-교제를 위해
53358920,20251126,F,30대,대전광역시,500이상700만원 미만,가족-지인 등과 시간을 보내기 위해,자기 계발을 위해
53359087,20251126,M,30대,경기도,무응답,스트레스 해소를 위해,마음의 안정-휴식을 위해
53359730,20251126,F,30대,제주특별자치도,무응답,마음의 안정-휴식을 위해,자기만족-즐거움을 위해
53359777,20251126,M,60대,부산광역시,500이상700만원 미만,건강 관리를 위해,자기만족-즐거움을 위해
53359884,20251126,F,50대,경상북도,700만원 이상,가족-지인 등과 시간을 보내기 위해,마음의 안정-휴식을 위해
53359932,20251126,M,40대,경기도,700만원 이상,자기만족-즐거움을 위해,가족-지인 등과 시간을 보내기 위해
53360069,20251126,F,40대,경기도,무응답,마음의 안정-휴식을 위해,남는 시간을 보내기 위해
53360108,20251126,M,40대,경기도,500이상700만원 미만,가족-지인 등과 시간을 보내기 위해,마음의 안정-휴식을 위해
53360184,20251126,F,60대,경기도,500이상700만원 미만,가족-지인 등과 시간을 보내기 위해,건강 관리를 위해
53360420,20251126,F,20대,경기도,무응답,가족-지인 등과 시간을 보내기 위해,스트레스 해소를 위해
53360818,20251126,F,40대,강원도,500이상700만원 미만,마음의 안정-휴식을 위해,가족-지인 등과 시간을 보내기 위해
53360827,20251126,M,40대,부산광역시,무응답,마음의 안정-휴식을 위해,스트레스 해소를 위해
53360855,20251126,F,50대,충청북도,300만원 미만,마음의 안정-휴식을 위해,남는 시간을 보내기 위해
53361006,20251126,F,40대,강원도,무응답,마음의 안정-휴식을 위해,자기만족-즐거움을 위해
53361032,20251126,M,30대,부산광역시,300이상500만원 미만,가족-지인 등과 시간을 보내기 위해,마음의 안정-휴식을 위해
53361047,20251126,M,50대,경기도,무응답,남는 시간을 보내기 위해,자기만족-즐거움을 위해
53361073,20251126,F,20대,경기도,무응답,남는 시간을 보내기 위해,스트레스 해소를 위해
53361172,20251126,M,30대,경상남도,무응답,가족-지인 등과 시간을 보내기 위해,마음의 안정-휴식을 위해
53361380,20251126,F,20대,경기도,무응답,가족-지인 등과 시간을 보내기 위해,마음의 안정-휴식을 위해
53361426,20251126,F,30대,경기도,무응답,자기만족-즐거움을 위해,마음의 안정-휴식을 위해
53361573,20251126,M,40대,대전광역시,무응답,자기만족-즐거움을 위해,가족-지인 등과 시간을 보내기 위해
53361629,20251126,F,50대,경상북도,무응답,가족-지인 등과 시간을 보내기 위해,남는 시간을 보내기 위해
53361632,20251126,F,60대,전라남도,700만원 이상,자기 계발을 위해,건강 관리를 위해
53361634,20251126,F,30대,서울특별시,무응답,마음의 안정-휴식을 위해,자기만족-즐거움을 위해
53361790,20251126,M,60대,경기도,300이상500만원 미만,마음의 안정-휴식을 위해,가족-지인 등과 시간을 보내기 위해
53361885,20251126,F,50대,서울특별시,500이상700만원 미만,스트레스 해소를 위해,남는 시간을 보내기 위해
53361919,20251126,M,50대,인천광역시,500이상700만원 미만,자기만족-즐거움을 위해,마음의 안정-휴식을 위해
53362089,20251126,F,20대,충청북도,무응답,자기만족-즐거움을 위해,가족-지인 등과 시간을 보내기 위해
53362148,20251126,F,50대,경상북도,500이상700만원 미만,자기만족-즐거움을 위해,자기 계발을 위해
53362351,20251126,F,30대,서울특별시,무응답,자기만족-즐거움을 위해,마음의 안정-휴식을 위해
53362368,20251126,F,50대,충청북도,300이상500만원 미만,자기만족-즐거움을 위해,대인 관계-교제를 위해
53362479,20251126,F,30대,울산광역시,무응답,마음의 안정-휴식을 위해,스트레스 해소를 위해
53362553,20251126,M,50대,인천광역시,500이상700만원 미만,마음의 안정-휴식을 위해,자기만족-즐거움을 위해
53362602,20251126,M,60대,경상북도,무응답,건강 관리를 위해,자기만족-즐거움을 위해
53362692,20251126,F,50대,대구광역시,무응답,마음의 안정-휴식을 위해,자기만족-즐거움을 위해
53362799,20251126,F,60대,부산광역시,무응답,마음의 안정-휴식을 위해,자기만족-즐거움을 위해
53362837,20251126,F,20대,서울특별시,무응답,자기 계발을 위해,스트레스 해소를 위해
53362866,20251126,F,50대,경상남도,무응답,마음의 안정-휴식을 위해,건강 관리를 위해
53362936,20251126,F,30대,경기도,300이상500만원 미만,대인 관계-교제를 위해,자기만족-즐거움을 위해
53363031,20251126,M,50대,대전광역시,300이상500만원 미만,자기만족-즐거움을 위해,가족-지인 등과 시간을 보내기 위해
53363065,20251126,M,20대,서울특별시,500이상700만원 미만,대인 관계-교제를 위해,가족-지인 등과 시간을 보내기 위해
53363239,20251126,F,60대,경기도,무응답,자기만족-즐거움을 위해,자기 계발을 위해
53363657,20251126,F,40대,인천광역시,300이상500만원 미만,건강 관리를 위해,스트레스 해소를 위해
53363689,20251126,M,60대,인천광역시,300이상500만원 미만,건강 관리를 위해,자기만족-즐거움을 위해
53363858,20251126,F,40대,서울특별시,500이상700만원 미만,마음의 안정-휴식을 위해,가족-지인 등과 시간을 보내기 위해
53364071,20251126,F,60대,경기도,300이상500만원 미만,스트레스 해소를 위해,건강 관리를 위해
53364492,20251126,M,40대,충청남도,500이상700만원 미만,스트레스 해소를 위해,자기만족-즐거움을 위해
53364705,20251126,M,40대,서울특별시,700만원 이상,가족-지인 등과 시간을 보내기 위해,자기만족-즐거움을 위해
53365060,20251126,M,60대,서울특별시,500이상700만원 미만,건강 관리를 위해,가족-지인 등과 시간을 보내기 위해
53365123,20251126,F,60대,경상북도,무응답,자기만족-즐거움을 위해,가족-지인 등과 시간을 보내기 위해
53365253,20251126,M,30대,경기도,무응답,마음의 안정-휴식을 위해,남는 시간을 보내기 위해
53365367,20251126,F,50대,대구광역시,무응답,건강 관리를 위해,스트레스 해소를 위해
53365434,20251126,F,20대,경상북도,무응답,자기만족-즐거움을 위해,스트레스 해소를 위해
53365848,20251126,F,20대,경기도,500이상700만원 미만,마음의 안정-휴식을 위해,자기만족-즐거움을 위해
53366194,20251126,F,50대,경기도,무응답,스트레스 해소를 위해,남는 시간을 보내기 위해
53366250,20251126,F,50대,인천광역시,700만원 이상,스트레스 해소를 위해,가족-지인 등과 시간을 보내기 위해
53366795,20251126,F,50대,인천광역시,700만원 이상,건강 관리를 위해,자기 계발을 위해
53366842,20251126,F,50대,광주광역시,700만원 이상,가족-지인 등과 시간을 보내기 위해,마음의 안정-휴식을 위해
53366866,20251126,M,40대,광주광역시,500이상700만원 미만,자기 계발을 위해,마음의 안정-휴식을 위해
53366877,20251126,F,60대,인천광역시,300이상500만원 미만,스트레스 해소를 위해,마음의 안정-휴식을 위해
53366982,20251126,F,50대,광주광역시,700만원 이상,스트레스 해소를 위해,가족-지인 등과 시간을 보내기 위해
53367087,20251126,F,60대,경기도,500이상700만원 미만,마음의 안정-휴식을 위해,자기만족-즐거움을 위해
53367166,20251126,M,40대,대구광역시,300이상500만원 미만,가족-지인 등과 시간을 보내기 위해,마음의 안정-휴식을 위해
53367182,20251126,F,50대,충청남도,무응답,마음의 안정-휴식을 위해,가족-지인 등과 시간을 보내기 위해
53367306,20251126,F,20대,경상남도,무응답,스트레스 해소를 위해,가족-지인 등과 시간을 보내기 위해
53367320,20251126,M,40대,울산광역시,무응답,자기 계발을 위해,마음의 안정-휴식을 위해
53367557,20251126,F,50대,광주광역시,300이상500만원 미만,자기만족-즐거움을 위해,마음의 안정-휴식을 위해
53367609,20251126,F,50대,충청남도,무응답,건강 관리를 위해,자기만족-즐거움을 위해
53367638,20251126,M,50대,전라남도,무응답,남는 시간을 보내기 위해,스트레스 해소를 위해
53367694,20251126,M,50대,울산광역시,700만원 이상,가족-지인 등과 시간을 보내기 위해,마음의 안정-휴식을 위해
53367708,20251126,M,50대,경기도,무응답,자기만족-즐거움을 위해,남는 시간을 보내기 위해
53367767,20251126,M,60대,경기도,700만원 이상,가족-지인 등과 시간을 보내기 위해,건강 관리를 위해
53367956,20251126,M,50대,제주특별자치도,500이상700만원 미만,건강 관리를 위해,마음의 안정-휴식을 위해
53367984,20251126,F,60대,경기도,500이상700만원 미만,마음의 안정-휴식을 위해,남는 시간을 보내기 위해
53368050,20251126,M,60대,부산광역시,500이상700만원 미만,자기만족-즐거움을 위해,건강 관리를 위해
53368280,20251126,F,60대,경기도,500이상700만원 미만,가족-지인 등과 시간을 보내기 위해,건강 관리를 위해
53368400,20251126,F,20대,경기도,무응답,마음의 안정-휴식을 위해,자기만족-즐거움을 위해
53368714,20251126,F,60대,서울특별시,300이상500만원 미만,건강 관리를 위해,가족-지인 등과 시간을 보내기 위해
53368845,20251126,M,50대,경상북도,700만원 이상,남는 시간을 보내기 위해,자기만족-즐거움을 위해
53369006,20251126,F,50대,경기도,무응답,자기만족-즐거움을 위해,건강 관리를 위해
53369224,20251126,M,50대,경상남도,700만원 이상,마음의 안정-휴식을 위해,가족-지인 등과 시간을 보내기 위해
53369231,20251126,F,60대,인천광역시,무응답,스트레스 해소를 위해,건강 관리를 위해
53369296,20251126,M,40대,서울특별시,700만원 이상,가족-지인 등과 시간을 보내기 위해,스트레스 해소를 위해
53369380,20251126,F,20대,인천광역시,무응답,자기만족-즐거움을 위해,마음의 안정-휴식을 위해
53369535,20251126,F,30대,경상남도,300이상500만원 미만,마음의 안정-휴식을 위해,자기 계발을 위해
53369594,20251126,F,60대,서울특별시,무응답,대인 관계-교제를 위해,가족-지인 등과 시간을 보내기 위해
53369824,20251126,M,20대,경기도,무응답,자기 계발을 위해,마음의 안정-휴식을 위해
53369825,20251126,M,40대,충청북도,700만원 이상,가족-지인 등과 시간을 보내기 위해,마음의 안정-휴식을 위해
53369922,20251126,M,50대,제주특별자치도,500이상700만원 미만,가족-지인 등과 시간을 보내기 위해,스트레스 해소를 위해
53369938,20251126,F,50대,서울특별시,700만원 이상,자기만족-즐거움을 위해,마음의 안정-휴식을 위해
53370058,20251126,M,30대,전라남도,300이상500만원 미만,스트레스 해소를 위해,자기만족-즐거움을 위해
53370156,20251126,M,40대,전라남도,무응답,가족-지인 등과 시간을 보내기 위해,마음의 안정-휴식을 위해
53370180,20251126,M,50대,충청남도,700만원 이상,가족-지인 등과 시간을 보내기 위해,대인 관계-교제를 위해
53370217,20251126,F,50대,경상남도,300만원 미만,스트레스 해소를 위해,자기만족-즐거움을 위해
53370542,20251126,M,30대,광주광역시,300이상500만원 미만,자기만족-즐거움을 위해,건강 관리를 위해
53370616,20251126,F,50대,경상남도,무응답,자기만족-즐거움을 위해,남는 시간을 보내기 위해
53370685,20251126,M,60대,경기도,500이상700만원 미만,가족-지인 등과 시간을 보내기 위해,자기 계발을 위해
53370710,20251126,F,40대,세종특별자치시,500이상700만원 미만,마음의 안정-휴식을 위해,스트레스 해소를 위해
53370946,20251126,F,60대,경기도,무응답,마음의 안정-휴식을 위해,대인 관계-교제를 위해
53371000,20251126,M,30대,경기도,무응답,가족-지인 등과 시간을 보내기 위해,자기만족-즐거움을 위해
53371256,20251126,F,40대,서울특별시,무응답,스트레스 해소를 위해,마음의 안정-휴식을 위해
53371614,20251126,M,50대,인천광역시,700만원 이상,가족-지인 등과 시간을 보내기 위해,마음의 안정-휴식을 위해
53371716,20251126,F,20대,서울특별시,무응답,가족-지인 등과 시간을 보내기 위해,마음의 안정-휴식을 위해
53371897,20251126,M,50대,서울특별시,무응답,마음의 안정-휴식을 위해,남는 시간을 보내기 위해
53371977,20251126,F,50대,경상북도,500이상700만원 미만,마음의 안정-휴식을 위해,자기만족-즐거움을 위해
53372052,20251126,M,60대,부산광역시,500이상700만원 미만,마음의 안정-휴식을 위해,가족-지인 등과 시간을 보내기 위해
53372098,20251126,M,40대,강원도,무응답,건강 관리를 위해,자기만족-즐거움을 위해
53372236,20251126,F,30대,서울특별시,300만원 미만,대인 관계-교제를 위해,가족-지인 등과 시간을 보내기 위해
53372239,20251126,F,40대,울산광역시,무응답,스트레스 해소를 위해,마음의 안정-휴식을 위해
53372461,20251126,F,60대,서울특별시,무응답,가족-지인 등과 시간을 보내기 위해,대인 관계-교제를 위해
53372745,20251126,F,30대,전라북도,무응답,자기만족-즐거움을 위해,마음의 안정-휴식을 위해
53372765,20251126,M,40대,서울특별시,무응답,자기만족-즐거움을 위해,남는 시간을 보내기 위해
53372803,20251126,M,50대,서울특별시,무응답,마음의 안정-휴식을 위해,가족-지인 등과 시간을 보내기 위해
53372985,20251126,M,40대,경상남도,300만원 미만,건강 관리를 위해,스트레스 해소를 위해
53373056,20251126,F,40대,광주광역시,300이상500만원 미만,가족-지인 등과 시간을 보내기 위해,자기만족-즐거움을 위해
53373094,20251126,M,40대,제주특별자치도,무응답,가족-지인 등과 시간을 보내기 위해,대인 관계-교제를 위해
53373096,20251126,M,50대,경기도,700만원 이상,마음의 안정-휴식을 위해,건강 관리를 위해
53373120,20251126,M,50대,경기도,무응답,가족-지인 등과 시간을 보내기 위해,자기 계발을 위해
53373461,20251126,M,30대,경상남도,무응답,자기만족-즐거움을 위해,스트레스 해소를 위해
53373746,20251126,M,40대,대전광역시,300이상500만원 미만,가족-지인 등과 시간을 보내기 위해,마음의 안정-휴식을 위해
53373833,20251126,M,40대,대구광역시,500이상700만원 미만,건강 관리를 위해,가족-지인 등과 시간을 보내기 위해
53373941,20251126,F,50대,강원도,무응답,가족-지인 등과 시간을 보내기 위해,스트레스 해소를 위해
53374060,20251126,F,60대,세종특별자치시,무응답,마음의 안정-휴식을 위해,가족-지인 등과 시간을 보내기 위해
53374102,20251126,M,50대,서울특별시,500이상700만원 미만,건강 관리를 위해,가족-지인 등과 시간을 보내기 위해
53374160,20251126,M,50대,서울특별시,500이상700만원 미만,가족-지인 등과 시간을 보내기 위해,건강 관리를 위해
53374340,20251126,M,40대,서울특별시,무응답,마음의 안정-휴식을 위해,건강 관리를 위해
53374422,20251126,F,20대,전라남도,300만원 미만,스트레스 해소를 위해,남는 시간을 보내기 위해
53374467,20251126,M,20대,대구광역시,무응답,자기만족-즐거움을 위해,마음의 안정-휴식을 위해
53374591,20251126,F,60대,서울특별시,700만원 이상,건강 관리를 위해,자기만족-즐거움을 위해
53374622,20251126,M,40대,대구광역시,700만원 이상,자기만족-즐거움을 위해,마음의 안정-휴식을 위해
53374646,20251126,F,40대,대구광역시,300이상500만원 미만,마음의 안정-휴식을 위해,자기만족-즐거움을 위해
53374696,20251126,M,50대,충청남도,무응답,자기 계발을 위해,자기만족-즐거움을 위해
53375210,20251126,M,60대,경기도,700만원 이상,마음의 안정-휴식을 위해,대인 관계-교제를 위해
53375375,20251126,F,50대,서울특별시,무응답,자기만족-즐거움을 위해,건강 관리를 위해
53375742,20251126,M,50대,대전광역시,300이상500만원 미만,마음의 안정-휴식을 위해,자기만족-즐거움을 위해
53375766,20251126,F,50대,전라북도,무응답,자기 계발을 위해,자기만족-즐거움을 위해
53375873,20251126,M,60대,전라북도,300이상500만원 미만,자기만족-즐거움을 위해,가족-지인 등과 시간을 보내기 위해
53375925,20251126,M,40대,부산광역시,700만원 이상,자기만족-즐거움을 위해,대인 관계-교제를 위해
53376037,20251126,F,50대,부산광역시,무응답,마음의 안정-휴식을 위해,대인 관계-교제를 위해
53376357,20251126,F,60대,서울특별시,무응답,대인 관계-교제를 위해,자기만족-즐거움을 위해
53376498,20251126,F,60대,경기도,무응답,자기만족-즐거움을 위해,마음의 안정-휴식을 위해
53376706,20251126,F,20대,경기도,700만원 이상,자기만족-즐거움을 위해,마음의 안정-휴식을 위해
53376744,20251126,M,40대,부산광역시,300이상500만원 미만,대인 관계-교제를 위해,자기 계발을 위해
53376856,20251126,M,60대,경기도,500이상700만원 미만,가족-지인 등과 시간을 보내기 위해,마음의 안정-휴식을 위해
53376963,20251126,M,50대,경기도,700만원 이상,건강 관리를 위해,가족-지인 등과 시간을 보내기 위해
53377216,20251126,M,40대,전라북도,500이상700만원 미만,대인 관계-교제를 위해,마음의 안정-휴식을 위해
53377461,20251126,F,20대,광주광역시,무응답,자기만족-즐거움을 위해,마음의 안정-휴식을 위해
